,timestamp,step,device
0,2021-07-15 04:50:00,27.0,phone
1,2021-07-15 07:47:00,41.0,phone
2,2021-07-15 17:43:00,33.0,phone
3,2021-07-15 17:44:00,20.0,phone
4,2021-07-15 17:45:00,61.0,phone
5,2021-07-15 17:46:00,105.0,phone
6,2021-07-15 17:47:00,121.0,phone
7,2021-07-15 17:48:00,118.0,phone
8,2021-07-15 17:49:00,114.0,phone
9,2021-07-15 17:50:00,43.0,phone
10,2021-07-15 17:51:00,57.0,phone
11,2021-07-15 17:52:00,115.0,phone
12,2021-07-15 17:53:00,114.0,phone
13,2021-07-15 17:54:00,117.0,phone
14,2021-07-15 17:55:00,115.0,phone
15,2021-07-15 17:56:00,7.0,phone
16,2021-07-15 17:57:00,26.0,phone
17,2021-07-15 17:58:00,52.0,phone
18,2021-07-15 17:59:00,16.0,phone
19,2021-07-15 19:09:00,13.0,phone
20,2021-07-16 03:48:00,25.0,phone
21,2021-07-16 05:23:00,8.0,phone
22,2021-07-16 05:24:00,5.0,phone
23,2021-07-16 05:24:00,5.0,watch
24,2021-07-16 05:42:00,7.0,phone
25,2021-07-16 06:02:00,6.0,phone
26,2021-07-16 06:03:00,2.0,phone
27,2021-07-16 10:14:00,8.0,phone
28,2021-07-16 10:14:00,8.0,watch
29,2021-07-16 10:17:00,8.0,phone
30,2021-07-17 03:30:00,8.0,phone
31,2021-07-17 03:37:00,7.0,phone
32,2021-07-17 06:02:00,6.0,phone
33,2021-07-17 06:14:00,7.0,phone
34,2021-07-17 10:53:00,16.0,phone
35,2021-07-17 11:00:00,11.0,phone
36,2021-07-17 11:01:00,14.0,phone
37,2021-07-17 11:01:00,14.0,watch
38,2021-07-17 16:45:00,8.0,phone
39,2021-07-17 16:49:00,0.0,phone
40,2021-07-17 16:54:00,59.0,phone
41,2021-07-17 16:55:00,20.0,phone
42,2021-07-17 16:56:00,24.0,phone
43,2021-07-17 16:57:00,52.0,phone
44,2021-07-17 16:58:00,108.0,phone
45,2021-07-17 16:59:00,10.0,phone
46,2021-07-17 17:05:00,96.0,phone
47,2021-07-17 17:06:00,114.0,phone
48,2021-07-17 17:07:00,121.0,phone
49,2021-07-17 17:08:00,121.0,phone
50,2021-07-17 17:09:00,120.0,phone
51,2021-07-17 17:10:00,119.0,phone
52,2021-07-17 17:11:00,119.0,phone
53,2021-07-17 17:12:00,117.0,phone
54,2021-07-17 17:14:00,13.0,phone
55,2021-07-17 17:15:00,121.0,phone
56,2021-07-17 17:16:00,122.0,phone
57,2021-07-17 17:17:00,117.0,phone
58,2021-07-17 17:18:00,78.0,phone
59,2021-07-17 18:17:00,35.0,phone
60,2021-07-17 18:18:00,47.0,phone
61,2021-07-17 18:23:00,28.0,phone
62,2021-07-17 18:24:00,112.0,phone
63,2021-07-17 18:25:00,116.0,phone
64,2021-07-17 18:26:00,93.0,phone
65,2021-07-17 18:28:00,49.0,phone
66,2021-07-17 18:29:00,117.0,phone
67,2021-07-17 18:30:00,117.0,phone
68,2021-07-17 18:31:00,112.0,phone
69,2021-07-17 18:32:00,79.0,phone
70,2021-07-17 18:33:00,30.0,phone
71,2021-07-17 19:02:00,9.0,phone
72,2021-07-17 19:56:00,15.0,phone
73,2021-07-17 19:57:00,45.0,phone
74,2021-07-17 19:58:00,93.0,phone
75,2021-07-17 19:59:00,114.0,phone
76,2021-07-17 20:00:00,112.0,phone
77,2021-07-17 20:01:00,111.0,phone
78,2021-07-17 20:02:00,110.0,phone
79,2021-07-17 20:03:00,61.0,phone
80,2021-07-17 20:07:00,12.0,phone
81,2021-07-17 20:09:00,19.0,phone
82,2021-07-17 20:16:00,115.0,phone
83,2021-07-17 20:17:00,21.0,phone
84,2021-07-17 20:18:00,47.0,phone
85,2021-07-17 20:19:00,24.0,phone
86,2021-07-18 03:25:00,17.0,phone
87,2021-07-18 11:13:00,7.0,phone
88,2021-07-18 11:13:00,7.0,watch
89,2021-07-18 11:21:00,7.0,phone
90,2021-07-18 11:41:00,7.0,phone
91,2021-07-18 13:54:00,30.0,phone
92,2021-07-18 13:56:00,56.0,phone
93,2021-07-18 13:57:00,33.0,phone
94,2021-07-18 14:06:00,9.0,phone
95,2021-07-18 14:39:00,31.0,phone
96,2021-07-18 20:53:00,15.0,phone
97,2021-07-19 04:51:00,19.0,phone
98,2021-07-19 04:52:00,12.0,phone
99,2021-07-19 11:27:00,37.0,phone
100,2021-07-19 11:28:00,12.0,phone
101,2021-07-19 11:28:00,12.0,watch
102,2021-07-19 12:07:00,6.0,phone
103,2021-07-19 12:08:00,2.0,phone
104,2021-07-19 12:22:00,9.0,phone
105,2021-07-19 13:51:00,7.0,phone
106,2021-07-19 13:51:00,7.0,watch
107,2021-07-19 22:08:00,7.0,phone
108,2021-07-19 22:14:00,21.0,phone
109,2021-07-19 22:15:00,23.0,phone
110,2021-07-19 22:16:00,88.0,phone
111,2021-07-19 22:17:00,56.0,phone
112,2021-07-19 22:19:00,21.0,phone
113,2021-07-19 22:19:00,21.0,watch
114,2021-07-19 22:20:00,6.0,phone
115,2021-07-20 00:36:00,12.0,phone
116,2021-07-20 00:36:00,12.0,watch
117,2021-07-20 00:51:00,6.0,phone
118,2021-07-20 08:55:00,15.0,phone
119,2021-07-20 08:58:00,12.0,phone
120,2021-07-20 08:59:00,3.0,phone
121,2021-07-20 10:10:00,6.0,phone
122,2021-07-20 15:17:00,28.0,phone
123,2021-07-20 15:17:00,28.0,watch
124,2021-07-20 16:13:00,17.0,watch
125,2021-07-20 16:14:00,7.0,watch
126,2021-07-20 16:15:00,22.0,watch
127,2021-07-20 16:20:00,17.0,phone
128,2021-07-20 16:21:00,37.0,phone
129,2021-07-20 16:21:00,37.0,watch
130,2021-07-20 16:35:00,43.0,watch
131,2021-07-20 16:48:00,23.0,watch
132,2021-07-20 16:49:00,14.0,phone
133,2021-07-20 16:49:00,14.0,watch
134,2021-07-20 16:51:00,15.0,phone
135,2021-07-20 16:52:00,52.0,phone
136,2021-07-20 16:52:00,21.0,watch
137,2021-07-20 16:54:00,19.0,watch
138,2021-07-20 16:55:00,72.0,phone
139,2021-07-20 16:55:00,63.0,watch
140,2021-07-20 16:56:00,14.0,phone
141,2021-07-20 16:56:00,2.0,watch
142,2021-07-20 16:57:00,43.0,phone
143,2021-07-20 16:57:00,59.0,watch
144,2021-07-20 17:02:00,25.0,phone
145,2021-07-20 17:13:00,20.0,phone
146,2021-07-20 17:13:00,23.0,watch
147,2021-07-20 17:14:00,11.0,phone
148,2021-07-20 17:14:00,18.0,watch
149,2021-07-20 17:15:00,68.0,phone
150,2021-07-20 17:15:00,89.0,watch
151,2021-07-20 17:16:00,2.0,phone
152,2021-07-20 17:16:00,16.0,watch
153,2021-07-20 17:17:00,13.0,watch
154,2021-07-20 17:18:00,15.0,watch
155,2021-07-20 17:30:00,13.0,phone
156,2021-07-20 18:16:00,18.0,watch
157,2021-07-20 18:26:00,114.0,phone
158,2021-07-20 18:26:00,112.0,watch
159,2021-07-20 18:27:00,59.0,phone
160,2021-07-20 18:27:00,33.0,watch
161,2021-07-20 18:28:00,110.0,phone
162,2021-07-20 18:28:00,106.0,watch
163,2021-07-20 18:29:00,30.0,phone
164,2021-07-20 18:29:00,14.0,watch
165,2021-07-20 18:30:00,112.0,phone
166,2021-07-20 18:31:00,21.0,phone
167,2021-07-20 18:31:00,21.0,watch
168,2021-07-20 18:32:00,27.0,phone
169,2021-07-20 18:32:00,15.0,watch
170,2021-07-20 18:34:00,14.0,watch
171,2021-07-20 18:35:00,27.0,watch
172,2021-07-20 18:44:00,18.0,phone
173,2021-07-20 18:44:00,16.0,watch
174,2021-07-20 18:47:00,17.0,phone
175,2021-07-20 18:48:00,10.0,phone
176,2021-07-20 18:48:00,16.0,watch
177,2021-07-20 19:56:00,34.0,phone
178,2021-07-20 19:57:00,73.0,phone
179,2021-07-20 19:57:00,15.0,watch
180,2021-07-20 19:58:00,27.0,phone
181,2021-07-20 19:58:00,30.0,watch
182,2021-07-20 20:01:00,46.0,phone
183,2021-07-20 20:01:00,16.0,watch
184,2021-07-20 20:02:00,91.0,phone
185,2021-07-20 20:02:00,41.0,watch
186,2021-07-20 20:03:00,54.0,phone
187,2021-07-20 20:03:00,27.0,watch
188,2021-07-20 20:05:00,44.0,watch
189,2021-07-20 20:06:00,17.0,watch
190,2021-07-20 20:10:00,17.0,watch
191,2021-07-20 20:11:00,22.0,watch
192,2021-07-20 20:12:00,18.0,watch
193,2021-07-20 20:13:00,54.0,watch
194,2021-07-20 20:15:00,22.0,watch
195,2021-07-20 20:16:00,15.0,watch
196,2021-07-20 20:17:00,18.0,watch
197,2021-07-20 20:18:00,22.0,watch
198,2021-07-20 20:20:00,36.0,watch
199,2021-07-20 20:21:00,2.0,watch
200,2021-07-20 20:22:00,30.0,watch
201,2021-07-20 20:23:00,19.0,watch
202,2021-07-20 20:26:00,16.0,watch
203,2021-07-20 20:34:00,12.0,phone
204,2021-07-20 21:20:00,9.0,phone
205,2021-07-20 21:20:00,8.0,watch
206,2021-07-20 21:56:00,15.0,phone
207,2021-07-20 21:57:00,29.0,phone
208,2021-07-20 21:58:00,110.0,phone
209,2021-07-20 21:59:00,49.0,phone
210,2021-07-20 22:00:00,48.0,phone
211,2021-07-20 22:01:00,63.0,phone
212,2021-07-20 22:02:00,42.0,phone
213,2021-07-20 22:03:00,55.0,phone
214,2021-07-20 22:04:00,32.0,phone
215,2021-07-20 22:06:00,0.0,phone
216,2021-07-20 22:08:00,44.0,phone
217,2021-07-20 22:09:00,97.0,phone
218,2021-07-20 22:10:00,12.0,phone
219,2021-07-20 22:11:00,9.0,phone
220,2021-07-21 04:33:00,19.0,phone
221,2021-07-21 05:37:00,7.0,phone
222,2021-07-21 05:38:00,8.0,phone
223,2021-07-21 05:47:00,9.0,phone
224,2021-07-21 05:48:00,18.0,phone
225,2021-07-21 05:48:00,18.0,watch
226,2021-07-21 08:02:00,23.0,phone
227,2021-07-21 09:44:00,10.0,phone
228,2021-07-21 12:35:00,12.0,phone
229,2021-07-21 12:35:00,12.0,watch
230,2021-07-21 13:24:00,8.0,phone
231,2021-07-21 13:54:00,7.0,phone
232,2021-07-21 13:55:00,52.0,phone
233,2021-07-21 13:56:00,51.0,phone
234,2021-07-21 13:58:00,30.0,phone
235,2021-07-21 13:59:00,71.0,phone
236,2021-07-21 14:33:00,8.0,phone
237,2021-07-21 18:56:00,9.0,phone
238,2021-07-21 19:03:00,67.0,phone
239,2021-07-21 19:04:00,77.0,phone
240,2021-07-21 19:05:00,28.0,phone
241,2021-07-21 19:06:00,125.0,phone
242,2021-07-21 19:07:00,82.0,phone
243,2021-07-21 19:11:00,35.0,phone
244,2021-07-21 19:12:00,118.0,phone
245,2021-07-21 19:13:00,67.0,phone
246,2021-07-21 19:14:00,62.0,phone
247,2021-07-21 19:15:00,69.0,phone
248,2021-07-21 21:52:00,28.0,phone
249,2021-07-21 21:52:00,12.0,watch
250,2021-07-21 22:00:00,33.0,phone
251,2021-07-21 22:00:00,33.0,watch
252,2021-07-21 22:26:00,7.0,phone
253,2021-07-21 22:27:00,6.0,phone
254,2021-07-22 01:30:00,16.0,phone
255,2021-07-22 02:06:00,10.0,phone
256,2021-07-22 03:19:00,27.0,phone
257,2021-07-22 03:19:00,27.0,watch
258,2021-07-22 03:25:00,22.0,phone
259,2021-07-22 03:26:00,7.0,phone
260,2021-07-22 03:26:00,7.0,watch
261,2021-07-22 06:11:00,11.0,phone
262,2021-07-22 07:59:00,61.0,phone
263,2021-07-22 08:00:00,85.0,phone
264,2021-07-22 08:01:00,27.0,phone
265,2021-07-22 08:02:00,111.0,phone
266,2021-07-22 08:03:00,118.0,phone
267,2021-07-22 08:04:00,122.0,phone
268,2021-07-22 08:05:00,121.0,phone
269,2021-07-22 08:06:00,114.0,phone
270,2021-07-22 08:07:00,119.0,phone
271,2021-07-22 08:08:00,83.0,phone
272,2021-07-22 08:17:00,93.0,phone
273,2021-07-22 08:18:00,109.0,phone
274,2021-07-22 08:19:00,106.0,phone
275,2021-07-22 08:20:00,113.0,phone
276,2021-07-22 08:21:00,113.0,phone
277,2021-07-22 08:22:00,19.0,phone
278,2021-07-22 08:23:00,77.0,phone
279,2021-07-22 08:24:00,86.0,phone
280,2021-07-22 09:20:00,38.0,phone
281,2021-07-22 09:21:00,26.0,phone
282,2021-07-22 09:22:00,41.0,phone
283,2021-07-22 12:04:00,69.0,phone
284,2021-07-22 12:05:00,113.0,phone
285,2021-07-22 12:06:00,118.0,phone
286,2021-07-22 12:07:00,116.0,phone
287,2021-07-22 12:08:00,110.0,phone
288,2021-07-22 12:09:00,110.0,phone
289,2021-07-22 12:10:00,41.0,phone
290,2021-07-22 12:22:00,14.0,phone
291,2021-07-22 12:23:00,115.0,phone
292,2021-07-22 12:24:00,86.0,phone
293,2021-07-22 12:25:00,107.0,phone
294,2021-07-22 12:26:00,115.0,phone
295,2021-07-22 12:27:00,117.0,phone
296,2021-07-22 12:28:00,103.0,phone
297,2021-07-22 12:29:00,101.0,phone
298,2021-07-22 12:30:00,42.0,phone
299,2021-07-22 12:31:00,61.0,phone
300,2021-07-22 12:32:00,83.0,phone
301,2021-07-22 12:33:00,110.0,phone
302,2021-07-22 12:34:00,59.0,phone
303,2021-07-22 12:35:00,22.0,phone
304,2021-07-22 12:36:00,46.0,phone
305,2021-07-22 12:37:00,24.0,phone
306,2021-07-22 12:38:00,54.0,phone
307,2021-07-22 12:39:00,76.0,phone
308,2021-07-22 12:42:00,71.0,phone
309,2021-07-22 12:43:00,81.0,phone
310,2021-07-22 12:44:00,75.0,phone
311,2021-07-22 12:45:00,32.0,phone
312,2021-07-22 12:46:00,109.0,phone
313,2021-07-22 12:47:00,21.0,phone
314,2021-07-22 13:14:00,17.0,phone
315,2021-07-22 13:15:00,32.0,phone
316,2021-07-22 13:15:00,32.0,watch
317,2021-07-22 16:43:00,21.0,phone
318,2021-07-22 16:43:00,21.0,watch
319,2021-07-22 20:34:00,29.0,phone
320,2021-07-22 20:35:00,7.0,phone
321,2021-07-22 20:36:00,12.0,phone
322,2021-07-22 21:12:00,12.0,phone
323,2021-07-23 02:27:00,11.0,phone
324,2021-07-23 03:05:00,12.0,phone
325,2021-07-23 06:48:00,13.0,phone
326,2021-07-23 06:49:00,10.0,phone
327,2021-07-23 06:49:00,10.0,watch
328,2021-07-23 06:53:00,14.0,phone
329,2021-07-23 06:57:00,15.0,phone
330,2021-07-23 06:59:00,6.0,phone
331,2021-07-23 07:12:00,8.0,phone
332,2021-07-23 07:13:00,18.0,phone
333,2021-07-23 08:20:00,34.0,watch
334,2021-07-23 08:22:00,22.0,watch
335,2021-07-23 08:24:00,17.0,watch
336,2021-07-23 08:26:00,12.0,phone
337,2021-07-23 08:26:00,20.0,watch
338,2021-07-23 08:27:00,33.0,phone
339,2021-07-23 08:27:00,61.0,watch
340,2021-07-23 08:28:00,113.0,phone
341,2021-07-23 08:28:00,112.0,watch
342,2021-07-23 08:29:00,45.0,phone
343,2021-07-23 08:29:00,37.0,watch
344,2021-07-23 08:30:00,88.0,phone
345,2021-07-23 08:30:00,79.0,watch
346,2021-07-23 08:31:00,118.0,phone
347,2021-07-23 08:31:00,116.0,watch
348,2021-07-23 08:32:00,121.0,phone
349,2021-07-23 08:32:00,102.0,watch
350,2021-07-23 08:33:00,119.0,phone
351,2021-07-23 08:33:00,116.0,watch
352,2021-07-23 08:34:00,119.0,phone
353,2021-07-23 08:34:00,108.0,watch
354,2021-07-23 08:35:00,121.0,phone
355,2021-07-23 08:35:00,118.0,watch
356,2021-07-23 08:36:00,112.0,phone
357,2021-07-23 08:36:00,94.0,watch
358,2021-07-23 08:37:00,37.0,phone
359,2021-07-23 08:37:00,39.0,watch
360,2021-07-23 08:38:00,17.0,phone
361,2021-07-23 08:38:00,17.0,watch
362,2021-07-23 08:46:00,23.0,phone
363,2021-07-23 08:46:00,24.0,watch
364,2021-07-23 08:47:00,113.0,phone
365,2021-07-23 08:47:00,112.0,watch
366,2021-07-23 08:48:00,110.0,phone
367,2021-07-23 08:48:00,119.0,watch
368,2021-07-23 08:49:00,105.0,phone
369,2021-07-23 08:49:00,115.0,watch
370,2021-07-23 08:50:00,108.0,phone
371,2021-07-23 08:50:00,116.0,watch
372,2021-07-23 08:51:00,102.0,phone
373,2021-07-23 08:51:00,104.0,watch
374,2021-07-23 08:52:00,100.0,phone
375,2021-07-23 08:52:00,80.0,watch
376,2021-07-23 08:53:00,67.0,phone
377,2021-07-23 08:53:00,70.0,watch
378,2021-07-23 08:54:00,15.0,watch
379,2021-07-23 12:04:00,49.0,phone
380,2021-07-23 12:05:00,121.0,phone
381,2021-07-23 12:06:00,112.0,phone
382,2021-07-23 12:07:00,116.0,phone
383,2021-07-23 12:08:00,108.0,phone
384,2021-07-23 12:09:00,113.0,phone
385,2021-07-23 12:10:00,32.0,phone
386,2021-07-23 12:20:00,58.0,phone
387,2021-07-23 12:21:00,106.0,phone
388,2021-07-23 12:22:00,101.0,phone
389,2021-07-23 12:23:00,99.0,phone
390,2021-07-23 12:24:00,113.0,phone
391,2021-07-23 12:25:00,115.0,phone
392,2021-07-23 12:26:00,111.0,phone
393,2021-07-23 12:27:00,109.0,phone
394,2021-07-23 12:28:00,76.0,phone
395,2021-07-23 12:29:00,26.0,phone
396,2021-07-23 12:39:00,48.0,phone
397,2021-07-23 12:40:00,86.0,phone
398,2021-07-23 12:41:00,68.0,phone
399,2021-07-23 12:54:00,15.0,phone
400,2021-07-23 12:55:00,19.0,phone
401,2021-07-23 12:56:00,113.0,phone
402,2021-07-23 12:57:00,122.0,phone
403,2021-07-23 12:58:00,87.0,phone
404,2021-07-23 12:59:00,9.0,phone
405,2021-07-23 13:00:00,107.0,phone
406,2021-07-23 13:01:00,21.0,phone
407,2021-07-23 15:07:00,35.0,phone
408,2021-07-23 21:41:00,9.0,phone
409,2021-07-23 22:02:00,7.0,phone
410,2021-07-23 22:19:00,12.0,phone
411,2021-07-23 23:55:00,26.0,phone
412,2021-07-24 01:03:00,81.0,phone
413,2021-07-24 01:04:00,56.0,phone
414,2021-07-24 01:05:00,75.0,phone
415,2021-07-24 01:06:00,15.0,phone
416,2021-07-24 01:07:00,10.0,phone
417,2021-07-24 01:09:00,11.0,phone
418,2021-07-24 01:10:00,84.0,phone
419,2021-07-24 01:11:00,106.0,phone
420,2021-07-24 01:12:00,25.0,phone
421,2021-07-24 01:37:00,6.0,phone
422,2021-07-24 01:42:00,11.0,phone
423,2021-07-24 03:26:00,20.0,phone
424,2021-07-24 04:17:00,16.0,phone
425,2021-07-24 04:18:00,21.0,phone
426,2021-07-24 04:26:00,16.0,phone
427,2021-07-24 04:28:00,13.0,phone
428,2021-07-24 04:53:00,20.0,phone
429,2021-07-24 04:56:00,10.0,phone
430,2021-07-24 07:02:00,15.0,phone
431,2021-07-24 07:26:00,13.0,phone
432,2021-07-24 07:48:00,20.0,watch
433,2021-07-24 07:49:00,9.0,watch
434,2021-07-24 08:08:00,27.0,watch
435,2021-07-24 08:09:00,64.0,watch
436,2021-07-24 08:10:00,5.0,watch
437,2021-07-24 08:11:00,18.0,watch
438,2021-07-24 08:12:00,27.0,watch
439,2021-07-24 08:13:00,16.0,watch
440,2021-07-24 08:14:00,56.0,phone
441,2021-07-24 08:14:00,60.0,watch
442,2021-07-24 08:15:00,102.0,phone
443,2021-07-24 08:15:00,83.0,watch
444,2021-07-24 08:16:00,57.0,phone
445,2021-07-24 08:16:00,53.0,watch
446,2021-07-24 08:17:00,78.0,phone
447,2021-07-24 08:17:00,67.0,watch
448,2021-07-24 08:18:00,104.0,phone
449,2021-07-24 08:18:00,86.0,watch
450,2021-07-24 08:19:00,117.0,phone
451,2021-07-24 08:19:00,118.0,watch
452,2021-07-24 08:20:00,118.0,phone
453,2021-07-24 08:20:00,117.0,watch
454,2021-07-24 08:21:00,117.0,phone
455,2021-07-24 08:21:00,117.0,watch
456,2021-07-24 08:22:00,103.0,phone
457,2021-07-24 08:22:00,77.0,watch
458,2021-07-24 08:23:00,115.0,phone
459,2021-07-24 08:23:00,116.0,watch
460,2021-07-24 08:24:00,100.0,phone
461,2021-07-24 08:24:00,102.0,watch
462,2021-07-24 08:25:00,10.0,phone
463,2021-07-24 08:25:00,10.0,watch
464,2021-07-24 08:34:00,81.0,phone
465,2021-07-24 08:34:00,90.0,watch
466,2021-07-24 08:35:00,107.0,phone
467,2021-07-24 08:35:00,94.0,watch
468,2021-07-24 08:36:00,113.0,phone
469,2021-07-24 08:36:00,112.0,watch
470,2021-07-24 08:37:00,110.0,phone
471,2021-07-24 08:37:00,107.0,watch
472,2021-07-24 08:38:00,112.0,phone
473,2021-07-24 08:38:00,86.0,watch
474,2021-07-24 08:39:00,43.0,phone
475,2021-07-24 08:39:00,65.0,watch
476,2021-07-24 08:40:00,102.0,phone
477,2021-07-24 08:40:00,92.0,watch
478,2021-07-24 08:41:00,46.0,phone
479,2021-07-24 08:41:00,53.0,watch
480,2021-07-24 08:43:00,15.0,watch
481,2021-07-24 08:44:00,32.0,watch
482,2021-07-24 08:47:00,17.0,watch
483,2021-07-24 09:28:00,16.0,watch
484,2021-07-24 12:03:00,35.0,watch
485,2021-07-24 12:04:00,55.0,phone
486,2021-07-24 12:04:00,93.0,watch
487,2021-07-24 12:05:00,112.0,phone
488,2021-07-24 12:05:00,98.0,watch
489,2021-07-24 12:06:00,112.0,phone
490,2021-07-24 12:06:00,108.0,watch
491,2021-07-24 12:07:00,109.0,phone
492,2021-07-24 12:07:00,108.0,watch
493,2021-07-24 12:08:00,77.0,phone
494,2021-07-24 12:08:00,77.0,watch
495,2021-07-24 12:09:00,100.0,phone
496,2021-07-24 12:09:00,104.0,watch
497,2021-07-24 12:10:00,50.0,phone
498,2021-07-24 12:10:00,61.0,watch
499,2021-07-24 12:20:00,36.0,phone
500,2021-07-24 12:20:00,40.0,watch
501,2021-07-24 12:21:00,104.0,phone
502,2021-07-24 12:21:00,108.0,watch
503,2021-07-24 12:22:00,110.0,phone
504,2021-07-24 12:22:00,113.0,watch
505,2021-07-24 12:23:00,101.0,phone
506,2021-07-24 12:23:00,104.0,watch
507,2021-07-24 12:24:00,80.0,phone
508,2021-07-24 12:24:00,88.0,watch
509,2021-07-24 12:25:00,86.0,phone
510,2021-07-24 12:25:00,84.0,watch
511,2021-07-24 12:26:00,66.0,phone
512,2021-07-24 12:26:00,66.0,watch
513,2021-07-24 12:27:00,8.0,phone
514,2021-07-24 12:27:00,8.0,watch
515,2021-07-24 12:44:00,65.0,phone
516,2021-07-24 12:44:00,57.0,watch
517,2021-07-24 12:45:00,63.0,phone
518,2021-07-24 12:45:00,59.0,watch
519,2021-07-24 12:46:00,111.0,phone
520,2021-07-24 12:46:00,130.0,watch
521,2021-07-24 12:47:00,102.0,phone
522,2021-07-24 12:47:00,109.0,watch
523,2021-07-24 12:48:00,114.0,phone
524,2021-07-24 12:48:00,117.0,watch
525,2021-07-24 12:49:00,115.0,phone
526,2021-07-24 12:49:00,116.0,watch
527,2021-07-24 12:50:00,35.0,phone
528,2021-07-24 12:50:00,26.0,watch
529,2021-07-24 12:51:00,26.0,phone
530,2021-07-24 12:51:00,45.0,watch
531,2021-07-24 12:52:00,107.0,phone
532,2021-07-24 12:52:00,94.0,watch
533,2021-07-24 12:53:00,60.0,phone
534,2021-07-24 12:53:00,79.0,watch
535,2021-07-24 12:54:00,23.0,phone
536,2021-07-24 12:54:00,23.0,watch
537,2021-07-24 12:56:00,49.0,phone
538,2021-07-24 12:56:00,24.0,watch
539,2021-07-24 12:57:00,73.0,phone
540,2021-07-24 12:57:00,82.0,watch
541,2021-07-24 12:58:00,50.0,phone
542,2021-07-24 12:58:00,51.0,watch
543,2021-07-24 12:59:00,41.0,phone
544,2021-07-24 12:59:00,18.0,watch
545,2021-07-24 13:00:00,63.0,phone
546,2021-07-24 13:00:00,64.0,watch
547,2021-07-24 13:01:00,41.0,phone
548,2021-07-24 13:01:00,44.0,watch
549,2021-07-24 13:02:00,36.0,phone
550,2021-07-24 13:02:00,39.0,watch
551,2021-07-24 13:03:00,6.0,phone
552,2021-07-24 13:05:00,34.0,phone
553,2021-07-24 13:06:00,1.0,phone
554,2021-07-24 13:06:00,1.0,watch
555,2021-07-24 13:11:00,63.0,phone
556,2021-07-24 13:11:00,43.0,watch
557,2021-07-24 13:12:00,66.0,phone
558,2021-07-24 13:12:00,18.0,watch
559,2021-07-24 13:13:00,14.0,phone
560,2021-07-24 13:13:00,16.0,watch
561,2021-07-24 13:14:00,103.0,phone
562,2021-07-24 13:14:00,101.0,watch
563,2021-07-24 13:15:00,32.0,phone
564,2021-07-24 13:15:00,15.0,watch
565,2021-07-24 13:16:00,25.0,watch
566,2021-07-24 13:26:00,17.0,watch
567,2021-07-24 14:16:00,10.0,phone
568,2021-07-24 14:17:00,9.0,phone
569,2021-07-24 14:31:00,15.0,phone
570,2021-07-24 14:32:00,23.0,phone
571,2021-07-24 14:32:00,23.0,watch
572,2021-07-24 14:34:00,6.0,phone
573,2021-07-24 14:34:00,6.0,watch
574,2021-07-24 14:48:00,23.0,phone
575,2021-07-24 15:08:00,8.0,phone
576,2021-07-24 15:08:00,8.0,watch
577,2021-07-24 15:20:00,12.0,phone
578,2021-07-24 16:39:00,6.0,phone
579,2021-07-25 01:09:00,8.0,phone
580,2021-07-25 01:57:00,14.0,phone
581,2021-07-25 02:00:00,7.0,phone
582,2021-07-25 02:14:00,8.0,phone
583,2021-07-25 02:24:00,6.0,phone
584,2021-07-25 02:44:00,7.0,phone
585,2021-07-25 08:16:00,8.0,phone
586,2021-07-25 08:45:00,13.0,phone
587,2021-07-25 09:37:00,7.0,phone
588,2021-07-25 09:53:00,90.0,phone
589,2021-07-25 09:54:00,50.0,phone
590,2021-07-25 09:55:00,55.0,phone
591,2021-07-25 09:56:00,114.0,phone
592,2021-07-25 09:57:00,59.0,phone
593,2021-07-25 10:03:00,11.0,phone
594,2021-07-25 10:06:00,27.0,phone
595,2021-07-25 10:07:00,121.0,phone
596,2021-07-25 10:08:00,21.0,phone
597,2021-07-25 10:09:00,113.0,phone
598,2021-07-25 10:10:00,14.0,phone
599,2021-07-25 12:16:00,15.0,phone
600,2021-07-25 12:16:00,15.0,watch
601,2021-07-25 12:23:00,7.0,phone
602,2021-07-25 12:24:00,6.0,phone
603,2021-07-25 14:05:00,8.0,phone
604,2021-07-25 14:05:00,8.0,watch
605,2021-07-25 14:52:00,13.0,phone
606,2021-07-25 14:53:00,1.0,phone
607,2021-07-25 14:53:00,1.0,watch
608,2021-07-25 15:07:00,57.0,phone
609,2021-07-25 15:08:00,82.0,phone
610,2021-07-25 15:10:00,55.0,phone
611,2021-07-25 15:11:00,66.0,phone
612,2021-07-25 20:34:00,16.0,phone
613,2021-07-25 20:47:00,36.0,phone
614,2021-07-25 20:47:00,7.0,watch
615,2021-07-25 20:48:00,75.0,phone
616,2021-07-25 20:49:00,9.0,phone
617,2021-07-25 20:50:00,35.0,phone
618,2021-07-25 20:51:00,100.0,phone
619,2021-07-25 20:52:00,10.0,phone
620,2021-07-25 21:43:00,14.0,phone
621,2021-07-26 04:19:00,7.0,phone
622,2021-07-26 04:19:00,7.0,watch
623,2021-07-26 05:09:00,20.0,phone
624,2021-07-26 06:52:00,21.0,phone
625,2021-07-26 06:52:00,21.0,watch
626,2021-07-26 07:14:00,10.0,phone
627,2021-07-26 07:15:00,30.0,phone
628,2021-07-26 07:19:00,10.0,phone
629,2021-07-26 07:20:00,8.0,phone
630,2021-07-26 07:20:00,8.0,watch
631,2021-07-26 07:58:00,15.0,phone
632,2021-07-26 08:36:00,7.0,phone
633,2021-07-26 09:08:00,7.0,phone
634,2021-07-26 09:50:00,8.0,phone
635,2021-07-26 09:52:00,33.0,watch
636,2021-07-26 10:00:00,42.0,phone
637,2021-07-26 10:00:00,24.0,watch
638,2021-07-26 10:01:00,96.0,phone
639,2021-07-26 10:01:00,95.0,watch
640,2021-07-26 10:02:00,34.0,phone
641,2021-07-26 10:02:00,33.0,watch
642,2021-07-26 10:03:00,104.0,phone
643,2021-07-26 10:03:00,106.0,watch
644,2021-07-26 10:04:00,102.0,phone
645,2021-07-26 10:04:00,107.0,watch
646,2021-07-26 10:05:00,119.0,phone
647,2021-07-26 10:05:00,120.0,watch
648,2021-07-26 10:06:00,55.0,phone
649,2021-07-26 10:06:00,48.0,watch
650,2021-07-26 10:07:00,22.0,phone
651,2021-07-26 10:07:00,27.0,watch
652,2021-07-26 10:09:00,24.0,phone
653,2021-07-26 10:09:00,24.0,watch
654,2021-07-26 10:11:00,17.0,watch
655,2021-07-26 10:16:00,13.0,watch
656,2021-07-26 10:17:00,119.0,phone
657,2021-07-26 10:17:00,72.0,watch
658,2021-07-26 10:18:00,120.0,phone
659,2021-07-26 10:18:00,115.0,watch
660,2021-07-26 10:19:00,118.0,phone
661,2021-07-26 10:19:00,86.0,watch
662,2021-07-26 10:20:00,37.0,phone
663,2021-07-26 10:20:00,48.0,watch
664,2021-07-26 10:22:00,16.0,phone
665,2021-07-26 10:23:00,64.0,phone
666,2021-07-26 10:23:00,64.0,watch
667,2021-07-26 10:24:00,7.0,phone
668,2021-07-26 10:24:00,11.0,watch
669,2021-07-26 10:30:00,16.0,phone
670,2021-07-26 10:31:00,21.0,phone
671,2021-07-26 10:31:00,45.0,watch
672,2021-07-26 10:32:00,86.0,phone
673,2021-07-26 10:32:00,82.0,watch
674,2021-07-26 10:33:00,64.0,phone
675,2021-07-26 10:33:00,65.0,watch
676,2021-07-26 10:34:00,47.0,phone
677,2021-07-26 10:34:00,33.0,watch
678,2021-07-26 10:35:00,80.0,phone
679,2021-07-26 10:35:00,66.0,watch
680,2021-07-26 10:36:00,43.0,phone
681,2021-07-26 10:36:00,53.0,watch
682,2021-07-26 10:37:00,36.0,phone
683,2021-07-26 10:38:00,78.0,phone
684,2021-07-26 10:38:00,80.0,watch
685,2021-07-26 10:39:00,45.0,phone
686,2021-07-26 10:39:00,33.0,watch
687,2021-07-26 10:40:00,47.0,phone
688,2021-07-26 10:41:00,66.0,phone
689,2021-07-26 10:41:00,76.0,watch
690,2021-07-26 10:42:00,84.0,phone
691,2021-07-26 10:42:00,81.0,watch
692,2021-07-26 10:43:00,40.0,phone
693,2021-07-26 10:43:00,33.0,watch
694,2021-07-26 10:44:00,92.0,phone
695,2021-07-26 10:44:00,71.0,watch
696,2021-07-26 10:45:00,19.0,watch
697,2021-07-26 11:34:00,7.0,phone
698,2021-07-26 12:01:00,18.0,phone
699,2021-07-26 12:01:00,18.0,watch
700,2021-07-26 13:29:00,18.0,phone
701,2021-07-26 13:29:00,9.0,watch
702,2021-07-26 13:51:00,40.0,phone
703,2021-07-26 16:27:00,28.0,phone
704,2021-07-26 16:28:00,18.0,phone
705,2021-07-26 16:28:00,18.0,watch
706,2021-07-26 18:01:00,8.0,phone
707,2021-07-26 18:01:00,8.0,watch
708,2021-07-26 18:05:00,7.0,phone
709,2021-07-26 22:10:00,18.0,phone
710,2021-07-26 23:45:00,17.0,phone
711,2021-07-27 01:59:00,9.0,phone
712,2021-07-27 02:00:00,14.0,phone
713,2021-07-27 02:00:00,14.0,watch
714,2021-07-27 02:06:00,21.0,phone
715,2021-07-27 03:08:00,39.0,phone
716,2021-07-27 03:08:00,22.0,watch
717,2021-07-27 03:16:00,31.0,phone
718,2021-07-27 03:43:00,18.0,phone
719,2021-07-27 03:43:00,9.0,watch
720,2021-07-27 05:49:00,16.0,phone
721,2021-07-27 05:49:00,16.0,watch
722,2021-07-27 05:57:00,24.0,phone
723,2021-07-27 07:50:00,22.0,phone
724,2021-07-27 07:50:00,21.0,watch
725,2021-07-27 07:51:00,65.0,phone
726,2021-07-27 07:51:00,69.0,watch
727,2021-07-27 07:52:00,82.0,phone
728,2021-07-27 07:52:00,51.0,watch
729,2021-07-27 07:53:00,23.0,phone
730,2021-07-27 07:53:00,25.0,watch
731,2021-07-27 07:54:00,118.0,phone
732,2021-07-27 07:54:00,106.0,watch
733,2021-07-27 07:55:00,114.0,phone
734,2021-07-27 07:55:00,111.0,watch
735,2021-07-27 07:56:00,118.0,phone
736,2021-07-27 07:56:00,118.0,watch
737,2021-07-27 07:57:00,116.0,phone
738,2021-07-27 07:57:00,103.0,watch
739,2021-07-27 07:58:00,108.0,phone
740,2021-07-27 07:58:00,103.0,watch
741,2021-07-27 07:59:00,117.0,phone
742,2021-07-27 07:59:00,123.0,watch
743,2021-07-27 08:00:00,96.0,phone
744,2021-07-27 08:00:00,94.0,watch
745,2021-07-27 08:12:00,67.0,phone
746,2021-07-27 08:12:00,64.0,watch
747,2021-07-27 08:13:00,106.0,phone
748,2021-07-27 08:13:00,101.0,watch
749,2021-07-27 08:14:00,79.0,phone
750,2021-07-27 08:14:00,81.0,watch
751,2021-07-27 08:15:00,99.0,phone
752,2021-07-27 08:15:00,107.0,watch
753,2021-07-27 08:16:00,111.0,phone
754,2021-07-27 08:16:00,101.0,watch
755,2021-07-27 08:17:00,100.0,phone
756,2021-07-27 08:17:00,104.0,watch
757,2021-07-27 08:18:00,87.0,phone
758,2021-07-27 08:18:00,69.0,watch
759,2021-07-27 08:19:00,104.0,phone
760,2021-07-27 08:19:00,101.0,watch
761,2021-07-27 08:20:00,47.0,phone
762,2021-07-27 08:20:00,64.0,watch
763,2021-07-27 08:21:00,21.0,watch
764,2021-07-27 08:22:00,5.0,watch
765,2021-07-27 12:04:00,42.0,phone
766,2021-07-27 12:05:00,66.0,phone
767,2021-07-27 12:05:00,1.0,watch
768,2021-07-27 12:06:00,67.0,phone
769,2021-07-27 12:06:00,105.0,watch
770,2021-07-27 12:07:00,107.0,phone
771,2021-07-27 12:07:00,104.0,watch
772,2021-07-27 12:08:00,100.0,phone
773,2021-07-27 12:08:00,88.0,watch
774,2021-07-27 12:09:00,108.0,phone
775,2021-07-27 12:09:00,93.0,watch
776,2021-07-27 12:10:00,97.0,phone
777,2021-07-27 12:10:00,97.0,watch
778,2021-07-27 12:11:00,78.0,phone
779,2021-07-27 12:11:00,76.0,watch
780,2021-07-27 12:12:00,22.0,phone
781,2021-07-27 12:12:00,23.0,watch
782,2021-07-27 12:13:00,19.0,phone
783,2021-07-27 12:19:00,21.0,phone
784,2021-07-27 12:19:00,22.0,watch
785,2021-07-27 12:20:00,17.0,phone
786,2021-07-27 12:20:00,18.0,watch
787,2021-07-27 12:21:00,47.0,phone
788,2021-07-27 12:21:00,33.0,watch
789,2021-07-27 12:22:00,99.0,phone
790,2021-07-27 12:22:00,96.0,watch
791,2021-07-27 12:23:00,111.0,phone
792,2021-07-27 12:23:00,89.0,watch
793,2021-07-27 12:24:00,101.0,phone
794,2021-07-27 12:24:00,108.0,watch
795,2021-07-27 12:25:00,100.0,phone
796,2021-07-27 12:25:00,85.0,watch
797,2021-07-27 12:26:00,106.0,phone
798,2021-07-27 12:26:00,83.0,watch
799,2021-07-27 12:27:00,112.0,phone
800,2021-07-27 12:27:00,108.0,watch
801,2021-07-27 12:28:00,117.0,phone
802,2021-07-27 12:28:00,120.0,watch
803,2021-07-27 12:29:00,91.0,phone
804,2021-07-27 12:29:00,63.0,watch
805,2021-07-27 12:30:00,39.0,phone
806,2021-07-27 12:30:00,19.0,watch
807,2021-07-27 12:33:00,98.0,phone
808,2021-07-27 12:33:00,113.0,watch
809,2021-07-27 12:34:00,28.0,phone
810,2021-07-27 12:34:00,32.0,watch
811,2021-07-27 12:35:00,42.0,phone
812,2021-07-27 12:35:00,41.0,watch
813,2021-07-27 12:36:00,113.0,phone
814,2021-07-27 12:36:00,80.0,watch
815,2021-07-27 12:37:00,70.0,phone
816,2021-07-27 12:37:00,58.0,watch
817,2021-07-27 12:38:00,70.0,phone
818,2021-07-27 12:38:00,69.0,watch
819,2021-07-27 12:39:00,85.0,phone
820,2021-07-27 12:39:00,81.0,watch
821,2021-07-27 12:40:00,73.0,phone
822,2021-07-27 12:40:00,64.0,watch
823,2021-07-27 12:41:00,116.0,phone
824,2021-07-27 12:41:00,116.0,watch
825,2021-07-27 12:42:00,56.0,phone
826,2021-07-27 12:42:00,46.0,watch
827,2021-07-27 12:43:00,8.0,phone
828,2021-07-27 12:43:00,17.0,watch
829,2021-07-27 12:45:00,46.0,phone
830,2021-07-27 12:45:00,28.0,watch
831,2021-07-27 12:46:00,104.0,phone
832,2021-07-27 12:46:00,96.0,watch
833,2021-07-27 12:47:00,53.0,phone
834,2021-07-27 12:47:00,42.0,watch
835,2021-07-27 12:48:00,21.0,watch
836,2021-07-27 13:50:00,77.0,phone
837,2021-07-27 13:51:00,60.0,phone
838,2021-07-27 13:52:00,73.0,phone
839,2021-07-27 13:53:00,39.0,phone
840,2021-07-27 13:54:00,13.0,phone
841,2021-07-27 13:56:00,58.0,phone
842,2021-07-27 13:57:00,117.0,phone
843,2021-07-27 13:58:00,12.0,phone
844,2021-07-27 16:53:00,21.0,phone
845,2021-07-27 17:01:00,31.0,phone
846,2021-07-27 17:02:00,19.0,phone
847,2021-07-27 17:12:00,0.0,phone
848,2021-07-27 17:22:00,14.0,phone
849,2021-07-27 17:22:00,17.0,watch
850,2021-07-27 17:53:00,6.0,phone
851,2021-07-27 17:53:00,15.0,watch
852,2021-07-27 17:54:00,15.0,watch
853,2021-07-27 17:55:00,26.0,watch
854,2021-07-27 17:57:00,57.0,phone
855,2021-07-27 17:57:00,51.0,watch
856,2021-07-27 17:58:00,100.0,phone
857,2021-07-27 17:58:00,86.0,watch
858,2021-07-27 17:59:00,31.0,phone
859,2021-07-27 17:59:00,42.0,watch
860,2021-07-27 18:00:00,87.0,phone
861,2021-07-27 18:00:00,52.0,watch
862,2021-07-27 18:01:00,111.0,phone
863,2021-07-27 18:01:00,95.0,watch
864,2021-07-27 18:02:00,115.0,phone
865,2021-07-27 18:02:00,83.0,watch
866,2021-07-27 18:03:00,101.0,phone
867,2021-07-27 18:03:00,111.0,watch
868,2021-07-27 18:04:00,108.0,phone
869,2021-07-27 18:04:00,98.0,watch
870,2021-07-27 18:05:00,106.0,phone
871,2021-07-27 18:05:00,102.0,watch
872,2021-07-27 18:06:00,113.0,phone
873,2021-07-27 18:06:00,104.0,watch
874,2021-07-27 18:07:00,65.0,phone
875,2021-07-27 18:07:00,68.0,watch
876,2021-07-27 18:10:00,23.0,phone
877,2021-07-27 18:10:00,26.0,watch
878,2021-07-27 19:25:00,88.0,phone
879,2021-07-27 19:25:00,87.0,watch
880,2021-07-27 19:26:00,113.0,phone
881,2021-07-27 19:26:00,124.0,watch
882,2021-07-27 19:27:00,112.0,phone
883,2021-07-27 19:27:00,112.0,watch
884,2021-07-27 19:28:00,108.0,phone
885,2021-07-27 19:28:00,109.0,watch
886,2021-07-27 19:29:00,116.0,phone
887,2021-07-27 19:29:00,117.0,watch
888,2021-07-27 19:30:00,115.0,phone
889,2021-07-27 19:30:00,117.0,watch
890,2021-07-27 19:31:00,114.0,phone
891,2021-07-27 19:31:00,111.0,watch
892,2021-07-27 19:32:00,117.0,phone
893,2021-07-27 19:32:00,100.0,watch
894,2021-07-27 19:33:00,117.0,phone
895,2021-07-27 19:33:00,113.0,watch
896,2021-07-27 19:34:00,110.0,phone
897,2021-07-27 19:34:00,118.0,watch
898,2021-07-27 19:35:00,114.0,phone
899,2021-07-27 19:35:00,116.0,watch
900,2021-07-27 19:36:00,120.0,phone
901,2021-07-27 19:36:00,118.0,watch
902,2021-07-27 19:37:00,16.0,phone
903,2021-07-27 19:37:00,11.0,watch
904,2021-07-27 19:38:00,66.0,phone
905,2021-07-27 19:38:00,40.0,watch
906,2021-07-27 19:39:00,88.0,phone
907,2021-07-27 19:39:00,88.0,watch
908,2021-07-27 19:41:00,108.0,phone
909,2021-07-27 19:41:00,103.0,watch
910,2021-07-27 19:42:00,106.0,phone
911,2021-07-27 19:42:00,106.0,watch
912,2021-07-27 19:43:00,113.0,phone
913,2021-07-27 19:43:00,113.0,watch
914,2021-07-27 19:44:00,114.0,phone
915,2021-07-27 19:44:00,114.0,watch
916,2021-07-27 19:45:00,118.0,phone
917,2021-07-27 19:45:00,118.0,watch
918,2021-07-27 19:46:00,118.0,phone
919,2021-07-27 19:46:00,118.0,watch
920,2021-07-27 19:47:00,55.0,phone
921,2021-07-27 19:47:00,41.0,watch
922,2021-07-27 19:48:00,7.0,phone
923,2021-07-27 19:55:00,106.0,phone
924,2021-07-27 19:55:00,104.0,watch
925,2021-07-27 19:56:00,104.0,phone
926,2021-07-27 19:56:00,115.0,watch
927,2021-07-27 19:57:00,118.0,phone
928,2021-07-27 19:57:00,117.0,watch
929,2021-07-27 19:58:00,54.0,phone
930,2021-07-27 19:58:00,56.0,watch
931,2021-07-27 19:59:00,88.0,phone
932,2021-07-27 19:59:00,107.0,watch
933,2021-07-27 20:00:00,7.0,phone
934,2021-07-27 20:00:00,33.0,watch
935,2021-07-27 20:01:00,9.0,phone
936,2021-07-27 20:01:00,20.0,watch
937,2021-07-27 20:02:00,106.0,phone
938,2021-07-27 20:02:00,74.0,watch
939,2021-07-27 20:03:00,63.0,phone
940,2021-07-27 20:03:00,12.0,watch
941,2021-07-27 20:04:00,10.0,phone
942,2021-07-27 20:05:00,21.0,phone
943,2021-07-28 01:51:00,8.0,phone
944,2021-07-28 08:07:00,6.0,phone
945,2021-07-28 08:40:00,8.0,phone
946,2021-07-28 08:57:00,8.0,phone
947,2021-07-28 10:05:00,7.0,phone
948,2021-07-28 10:29:00,13.0,watch
949,2021-07-28 10:31:00,30.0,watch
950,2021-07-28 10:32:00,3.0,watch
951,2021-07-28 10:52:00,20.0,watch
952,2021-07-28 11:01:00,18.0,watch
953,2021-07-28 11:04:00,13.0,phone
954,2021-07-28 11:04:00,19.0,watch
955,2021-07-28 11:05:00,8.0,phone
956,2021-07-28 11:05:00,24.0,watch
957,2021-07-28 11:06:00,36.0,phone
958,2021-07-28 11:07:00,107.0,phone
959,2021-07-28 11:09:00,56.0,phone
960,2021-07-28 11:09:00,27.0,watch
961,2021-07-28 11:10:00,9.0,phone
962,2021-07-28 11:11:00,71.0,phone
963,2021-07-28 11:11:00,33.0,watch
964,2021-07-28 11:12:00,65.0,phone
965,2021-07-28 11:12:00,28.0,watch
966,2021-07-28 11:13:00,25.0,phone
967,2021-07-28 11:19:00,21.0,watch
968,2021-07-28 11:26:00,12.0,watch
969,2021-07-28 11:40:00,18.0,phone
970,2021-07-28 11:41:00,43.0,phone
971,2021-07-28 11:42:00,40.0,phone
972,2021-07-28 11:42:00,57.0,watch
973,2021-07-28 11:43:00,104.0,phone
974,2021-07-28 11:43:00,117.0,watch
975,2021-07-28 11:44:00,25.0,phone
976,2021-07-28 11:44:00,50.0,watch
977,2021-07-28 11:45:00,19.0,phone
978,2021-07-28 11:45:00,17.0,watch
979,2021-07-28 11:46:00,29.0,phone
980,2021-07-28 11:46:00,21.0,watch
981,2021-07-28 11:47:00,15.0,phone
982,2021-07-28 11:47:00,15.0,watch
983,2021-07-28 11:49:00,58.0,phone
984,2021-07-28 11:49:00,74.0,watch
985,2021-07-28 11:50:00,22.0,phone
986,2021-07-28 11:50:00,18.0,watch
987,2021-07-28 11:51:00,26.0,phone
988,2021-07-28 11:51:00,27.0,watch
989,2021-07-28 11:59:00,37.0,watch
990,2021-07-28 13:47:00,18.0,phone
991,2021-07-28 13:47:00,29.0,watch
992,2021-07-28 13:48:00,65.0,phone
993,2021-07-28 13:48:00,54.0,watch
994,2021-07-28 13:49:00,94.0,phone
995,2021-07-28 13:49:00,109.0,watch
996,2021-07-28 13:50:00,94.0,phone
997,2021-07-28 13:50:00,82.0,watch
998,2021-07-28 13:51:00,56.0,phone
999,2021-07-28 13:51:00,56.0,watch
1000,2021-07-28 13:52:00,24.0,phone
1001,2021-07-28 13:52:00,30.0,watch
1002,2021-07-28 13:53:00,84.0,phone
1003,2021-07-28 13:53:00,100.0,watch
1004,2021-07-28 13:54:00,92.0,phone
1005,2021-07-28 13:54:00,77.0,watch
1006,2021-07-28 13:55:00,45.0,phone
1007,2021-07-28 13:55:00,47.0,watch
1008,2021-07-28 13:56:00,54.0,phone
1009,2021-07-28 13:56:00,41.0,watch
1010,2021-07-28 13:57:00,8.0,phone
1011,2021-07-28 13:57:00,18.0,watch
1012,2021-07-28 14:15:00,60.0,phone
1013,2021-07-28 14:15:00,40.0,watch
1014,2021-07-28 14:16:00,121.0,phone
1015,2021-07-28 14:16:00,122.0,watch
1016,2021-07-28 14:17:00,34.0,phone
1017,2021-07-28 14:17:00,18.0,watch
1018,2021-07-28 14:18:00,62.0,phone
1019,2021-07-28 14:18:00,43.0,watch
1020,2021-07-28 14:19:00,123.0,phone
1021,2021-07-28 14:19:00,121.0,watch
1022,2021-07-28 14:20:00,42.0,phone
1023,2021-07-28 14:20:00,53.0,watch
1024,2021-07-28 14:23:00,15.0,watch
1025,2021-07-28 14:29:00,7.0,phone
1026,2021-07-28 14:41:00,13.0,phone
1027,2021-07-28 15:00:00,18.0,phone
1028,2021-07-28 15:01:00,74.0,phone
1029,2021-07-28 15:01:00,66.0,watch
1030,2021-07-28 15:02:00,49.0,phone
1031,2021-07-28 15:02:00,21.0,watch
1032,2021-07-28 15:03:00,50.0,phone
1033,2021-07-28 15:06:00,23.0,phone
1034,2021-07-28 15:06:00,18.0,watch
1035,2021-07-28 15:07:00,52.0,phone
1036,2021-07-28 15:07:00,38.0,watch
1037,2021-07-28 15:08:00,78.0,phone
1038,2021-07-28 15:08:00,72.0,watch
1039,2021-07-28 15:09:00,76.0,phone
1040,2021-07-28 15:09:00,56.0,watch
1041,2021-07-28 15:11:00,95.0,phone
1042,2021-07-28 15:11:00,95.0,watch
1043,2021-07-28 15:12:00,57.0,phone
1044,2021-07-28 15:12:00,51.0,watch
1045,2021-07-28 15:30:00,68.0,phone
1046,2021-07-28 15:30:00,68.0,watch
1047,2021-07-28 15:31:00,53.0,phone
1048,2021-07-28 15:31:00,40.0,watch
1049,2021-07-28 15:32:00,31.0,phone
1050,2021-07-28 15:32:00,39.0,watch
1051,2021-07-28 15:33:00,101.0,phone
1052,2021-07-28 15:33:00,105.0,watch
1053,2021-07-28 15:37:00,32.0,phone
1054,2021-07-28 15:38:00,12.0,phone
1055,2021-07-28 15:39:00,64.0,phone
1056,2021-07-28 15:39:00,60.0,watch
1057,2021-07-28 15:41:00,37.0,phone
1058,2021-07-28 15:41:00,37.0,watch
1059,2021-07-28 15:46:00,11.0,phone
1060,2021-07-28 15:49:00,16.0,watch
1061,2021-07-28 15:50:00,19.0,watch
1062,2021-07-28 15:51:00,15.0,phone
1063,2021-07-28 15:51:00,56.0,watch
1064,2021-07-28 15:52:00,25.0,watch
1065,2021-07-28 15:55:00,13.0,phone
1066,2021-07-28 15:55:00,13.0,watch
1067,2021-07-28 16:53:00,19.0,watch
1068,2021-07-28 16:59:00,42.0,phone
1069,2021-07-28 16:59:00,20.0,watch
1070,2021-07-28 17:00:00,102.0,phone
1071,2021-07-28 17:00:00,111.0,watch
1072,2021-07-28 17:01:00,83.0,phone
1073,2021-07-28 17:01:00,60.0,watch
1074,2021-07-28 17:02:00,25.0,phone
1075,2021-07-28 17:02:00,25.0,watch
1076,2021-07-28 17:03:00,19.0,watch
1077,2021-07-28 17:04:00,16.0,phone
1078,2021-07-28 17:05:00,83.0,phone
1079,2021-07-28 17:06:00,2.0,phone
1080,2021-07-28 17:13:00,34.0,phone
1081,2021-07-28 17:13:00,21.0,watch
1082,2021-07-28 17:14:00,65.0,phone
1083,2021-07-28 17:14:00,76.0,watch
1084,2021-07-28 17:20:00,16.0,phone
1085,2021-07-28 17:20:00,16.0,watch
1086,2021-07-28 17:36:00,7.0,phone
1087,2021-07-28 17:37:00,12.0,phone
1088,2021-07-28 17:37:00,21.0,watch
1089,2021-07-28 17:39:00,16.0,phone
1090,2021-07-28 17:39:00,15.0,watch
1091,2021-07-28 17:40:00,13.0,phone
1092,2021-07-28 17:41:00,14.0,phone
1093,2021-07-28 17:41:00,15.0,watch
1094,2021-07-28 17:42:00,13.0,phone
1095,2021-07-28 17:46:00,19.0,phone
1096,2021-07-28 17:46:00,34.0,watch
1097,2021-07-28 17:47:00,97.0,phone
1098,2021-07-28 17:47:00,101.0,watch
1099,2021-07-28 17:48:00,25.0,phone
1100,2021-07-28 17:48:00,25.0,watch
1101,2021-07-28 17:49:00,16.0,phone
1102,2021-07-28 17:49:00,16.0,watch
1103,2021-07-28 17:57:00,27.0,watch
1104,2021-07-28 18:04:00,15.0,watch
1105,2021-07-28 18:14:00,16.0,watch
1106,2021-07-28 18:17:00,38.0,watch
1107,2021-07-28 18:20:00,15.0,watch
1108,2021-07-28 18:27:00,29.0,watch
1109,2021-07-28 18:29:00,17.0,phone
1110,2021-07-28 18:32:00,18.0,watch
1111,2021-07-28 18:35:00,19.0,phone
1112,2021-07-28 18:36:00,9.0,phone
1113,2021-07-28 18:36:00,9.0,watch
1114,2021-07-29 14:11:00,12.0,phone
1115,2021-07-29 14:12:00,1.0,phone
1116,2021-07-29 14:43:00,8.0,phone
1117,2021-07-29 15:15:00,6.0,phone
1118,2021-07-29 15:42:00,6.0,phone
1119,2021-07-29 16:05:00,6.0,phone
1120,2021-07-30 02:23:00,40.0,phone
1121,2021-07-30 02:25:00,16.0,phone
1122,2021-07-30 08:10:00,13.0,phone
1123,2021-07-30 08:12:00,25.0,phone
1124,2021-07-30 08:25:00,12.0,phone
1125,2021-07-30 09:49:00,8.0,phone
1126,2021-07-30 09:49:00,8.0,watch
1127,2021-07-30 09:50:00,10.0,phone
1128,2021-07-30 10:31:00,6.0,phone
1129,2021-07-30 11:56:00,7.0,phone
1130,2021-07-30 12:56:00,16.0,phone
1131,2021-07-30 17:58:00,17.0,phone
1132,2021-07-30 18:51:00,7.0,phone
1133,2021-07-30 19:32:00,20.0,phone
1134,2021-07-30 20:49:00,25.0,phone
1135,2021-07-30 21:06:00,21.0,phone
1136,2021-07-30 21:13:00,0.0,phone
1137,2021-07-30 21:43:00,8.0,phone
1138,2021-07-31 00:58:00,7.0,phone
1139,2021-07-31 02:44:00,7.0,phone
1140,2021-07-31 04:26:00,25.0,phone
1141,2021-07-31 04:34:00,45.0,phone
1142,2021-07-31 04:35:00,7.0,phone
1143,2021-07-31 04:49:00,7.0,phone
1144,2021-07-31 07:17:00,11.0,phone
1145,2021-07-31 09:35:00,28.0,phone
1146,2021-07-31 09:44:00,17.0,phone
1147,2021-07-31 16:46:00,18.0,phone
1148,2021-07-31 16:47:00,33.0,phone
1149,2021-07-31 16:48:00,32.0,phone
1150,2021-07-31 16:49:00,56.0,phone
1151,2021-07-31 16:51:00,43.0,phone
1152,2021-07-31 16:52:00,68.0,phone
1153,2021-07-31 16:53:00,16.0,phone
1154,2021-07-31 16:54:00,8.0,phone
1155,2021-07-31 16:57:00,45.0,phone
1156,2021-07-31 16:58:00,118.0,phone
1157,2021-07-31 16:59:00,119.0,phone
1158,2021-07-31 17:00:00,118.0,phone
1159,2021-07-31 17:01:00,71.0,phone
1160,2021-07-31 17:02:00,28.0,phone
1161,2021-07-31 17:03:00,21.0,phone
1162,2021-07-31 17:14:00,30.0,phone
1163,2021-07-31 17:15:00,16.0,phone
1164,2021-07-31 17:16:00,100.0,phone
1165,2021-07-31 17:17:00,116.0,phone
1166,2021-07-31 17:18:00,116.0,phone
1167,2021-07-31 17:19:00,98.0,phone
1168,2021-07-31 17:20:00,47.0,phone
1169,2021-07-31 17:21:00,111.0,phone
1170,2021-07-31 17:22:00,115.0,phone
1171,2021-07-31 17:23:00,111.0,phone
1172,2021-07-31 17:24:00,42.0,phone
1173,2021-07-31 17:25:00,0.0,phone
1174,2021-07-31 18:25:00,75.0,phone
1175,2021-07-31 18:26:00,108.0,phone
1176,2021-07-31 18:27:00,115.0,phone
1177,2021-07-31 18:28:00,109.0,phone
1178,2021-07-31 18:29:00,46.0,phone
1179,2021-07-31 18:31:00,68.0,phone
1180,2021-07-31 18:32:00,116.0,phone
1181,2021-07-31 18:33:00,112.0,phone
1182,2021-07-31 18:34:00,113.0,phone
1183,2021-07-31 18:35:00,84.0,phone
1184,2021-07-31 19:14:00,13.0,phone
1185,2021-07-31 19:16:00,113.0,phone
1186,2021-07-31 19:17:00,112.0,phone
1187,2021-07-31 19:18:00,111.0,phone
1188,2021-07-31 19:19:00,115.0,phone
1189,2021-07-31 19:20:00,84.0,phone
1190,2021-07-31 19:21:00,56.0,phone
1191,2021-07-31 19:53:00,58.0,phone
1192,2021-07-31 19:54:00,109.0,phone
1193,2021-07-31 19:55:00,101.0,phone
1194,2021-07-31 19:56:00,115.0,phone
1195,2021-07-31 19:57:00,114.0,phone
1196,2021-07-31 19:58:00,103.0,phone
1197,2021-07-31 19:59:00,37.0,phone
1198,2021-07-31 20:00:00,44.0,phone
1199,2021-07-31 20:01:00,71.0,phone
1200,2021-07-31 20:04:00,75.0,phone
1201,2021-07-31 20:05:00,81.0,phone
1202,2021-07-31 20:07:00,40.0,phone
1203,2021-07-31 20:08:00,6.0,phone
1204,2021-07-31 22:06:00,8.0,phone
1205,2021-08-01 00:56:00,27.0,phone
1206,2021-08-01 12:26:00,7.0,phone
1207,2021-08-01 13:08:00,6.0,phone
1208,2021-08-01 13:19:00,8.0,phone
1209,2021-08-01 14:38:00,25.0,phone
1210,2021-08-01 14:43:00,6.0,phone
1211,2021-08-01 14:44:00,2.0,phone
1212,2021-08-01 17:03:00,7.0,phone
1213,2021-08-01 19:45:00,20.0,phone
1214,2021-08-01 20:34:00,6.0,phone
1215,2021-08-02 11:46:00,34.0,phone
1216,2021-08-02 11:47:00,40.0,phone
1217,2021-08-02 11:48:00,47.0,phone
1218,2021-08-02 11:49:00,22.0,phone
1219,2021-08-02 20:20:00,25.0,phone
1220,2021-08-02 20:27:00,17.0,phone
1221,2021-08-02 20:28:00,10.0,phone
1222,2021-08-03 13:21:00,28.0,phone
1223,2021-08-03 13:28:00,49.0,phone
1224,2021-08-03 13:29:00,7.0,phone
1225,2021-08-03 13:30:00,86.0,phone
1226,2021-08-03 13:31:00,100.0,phone
1227,2021-08-03 13:32:00,117.0,phone
1228,2021-08-03 13:33:00,119.0,phone
1229,2021-08-03 13:34:00,118.0,phone
1230,2021-08-03 13:35:00,115.0,phone
1231,2021-08-03 13:36:00,116.0,phone
1232,2021-08-03 13:37:00,116.0,phone
1233,2021-08-03 13:38:00,117.0,phone
1234,2021-08-03 13:39:00,114.0,phone
1235,2021-08-03 13:40:00,117.0,phone
1236,2021-08-03 13:41:00,114.0,phone
1237,2021-08-03 13:42:00,118.0,phone
1238,2021-08-03 13:43:00,86.0,phone
1239,2021-08-03 13:44:00,115.0,phone
1240,2021-08-03 13:45:00,109.0,phone
1241,2021-08-03 13:46:00,117.0,phone
1242,2021-08-03 13:47:00,111.0,phone
1243,2021-08-03 13:48:00,112.0,phone
1244,2021-08-03 13:49:00,113.0,phone
1245,2021-08-03 13:50:00,102.0,phone
1246,2021-08-03 13:51:00,113.0,phone
1247,2021-08-03 13:52:00,85.0,phone
1248,2021-08-03 13:54:00,104.0,phone
1249,2021-08-03 13:55:00,120.0,phone
1250,2021-08-03 13:56:00,121.0,phone
1251,2021-08-03 13:57:00,121.0,phone
1252,2021-08-03 13:58:00,97.0,phone
1253,2021-08-03 13:59:00,96.0,phone
1254,2021-08-03 14:00:00,97.0,phone
1255,2021-08-03 14:01:00,119.0,phone
1256,2021-08-03 14:02:00,96.0,phone
1257,2021-08-03 14:03:00,111.0,phone
1258,2021-08-03 14:04:00,117.0,phone
1259,2021-08-03 14:05:00,118.0,phone
1260,2021-08-03 14:06:00,118.0,phone
1261,2021-08-03 14:07:00,112.0,phone
1262,2021-08-03 14:08:00,116.0,phone
1263,2021-08-03 14:09:00,117.0,phone
1264,2021-08-03 14:10:00,111.0,phone
1265,2021-08-03 14:11:00,112.0,phone
1266,2021-08-03 14:12:00,115.0,phone
1267,2021-08-03 14:13:00,113.0,phone
1268,2021-08-03 14:14:00,106.0,phone
1269,2021-08-03 14:15:00,102.0,phone
1270,2021-08-03 14:16:00,14.0,phone
1271,2021-08-03 14:17:00,74.0,phone
1272,2021-08-03 14:18:00,36.0,phone
1273,2021-08-03 17:12:00,7.0,phone
1274,2021-08-03 21:07:00,12.0,phone
1275,2021-08-03 23:23:00,7.0,phone
1276,2021-08-04 01:15:00,25.0,phone
1277,2021-08-04 01:16:00,3.0,phone
1278,2021-08-04 03:12:00,6.0,phone
1279,2021-08-04 09:22:00,58.0,watch
1280,2021-08-04 09:23:00,60.0,watch
1281,2021-08-04 09:24:00,18.0,phone
1282,2021-08-04 09:24:00,69.0,watch
1283,2021-08-04 09:25:00,59.0,watch
1284,2021-08-04 09:26:00,15.0,watch
1285,2021-08-04 09:27:00,26.0,watch
1286,2021-08-04 09:28:00,21.0,watch
1287,2021-08-04 09:29:00,24.0,watch
1288,2021-08-04 09:30:00,7.0,phone
1289,2021-08-04 09:30:00,7.0,watch
1290,2021-08-04 09:31:00,36.0,phone
1291,2021-08-04 09:32:00,6.0,phone
1292,2021-08-04 09:32:00,6.0,watch
1293,2021-08-04 09:33:00,15.0,phone
1294,2021-08-04 09:33:00,9.0,watch
1295,2021-08-04 09:34:00,68.0,phone
1296,2021-08-04 09:34:00,57.0,watch
1297,2021-08-04 09:41:00,33.0,phone
1298,2021-08-04 09:41:00,37.0,watch
1299,2021-08-04 09:42:00,15.0,phone
1300,2021-08-04 09:42:00,17.0,watch
1301,2021-08-04 09:43:00,19.0,watch
1302,2021-08-04 09:44:00,26.0,phone
1303,2021-08-04 09:44:00,32.0,watch
1304,2021-08-04 09:48:00,78.0,phone
1305,2021-08-04 09:48:00,53.0,watch
1306,2021-08-04 09:49:00,117.0,phone
1307,2021-08-04 09:49:00,107.0,watch
1308,2021-08-04 09:50:00,112.0,phone
1309,2021-08-04 09:50:00,117.0,watch
1310,2021-08-04 09:51:00,101.0,phone
1311,2021-08-04 09:51:00,90.0,watch
1312,2021-08-04 09:52:00,16.0,watch
1313,2021-08-04 09:54:00,16.0,watch
1314,2021-08-04 09:55:00,128.0,phone
1315,2021-08-04 09:55:00,125.0,watch
1316,2021-08-04 09:56:00,93.0,phone
1317,2021-08-04 09:56:00,96.0,watch
1318,2021-08-04 09:57:00,12.0,phone
1319,2021-08-04 10:30:00,39.0,watch
1320,2021-08-04 10:55:00,25.0,watch
1321,2021-08-04 10:58:00,16.0,watch
1322,2021-08-04 11:03:00,7.0,phone
1323,2021-08-04 12:19:00,37.0,phone
1324,2021-08-04 12:19:00,28.0,watch
1325,2021-08-04 12:20:00,37.0,phone
1326,2021-08-04 12:20:00,26.0,watch
1327,2021-08-04 12:21:00,99.0,phone
1328,2021-08-04 12:21:00,120.0,watch
1329,2021-08-04 12:22:00,115.0,phone
1330,2021-08-04 12:22:00,111.0,watch
1331,2021-08-04 12:23:00,108.0,phone
1332,2021-08-04 12:23:00,108.0,watch
1333,2021-08-04 12:24:00,94.0,phone
1334,2021-08-04 12:24:00,93.0,watch
1335,2021-08-04 12:25:00,87.0,phone
1336,2021-08-04 12:25:00,93.0,watch
1337,2021-08-04 12:26:00,66.0,phone
1338,2021-08-04 12:26:00,79.0,watch
1339,2021-08-04 12:27:00,34.0,phone
1340,2021-08-04 12:27:00,70.0,watch
1341,2021-08-04 12:28:00,0.0,phone
1342,2021-08-04 12:57:00,19.0,phone
1343,2021-08-04 12:59:00,35.0,phone
1344,2021-08-04 13:00:00,94.0,phone
1345,2021-08-04 13:00:00,87.0,watch
1346,2021-08-04 13:01:00,115.0,phone
1347,2021-08-04 13:01:00,116.0,watch
1348,2021-08-04 13:02:00,112.0,phone
1349,2021-08-04 13:02:00,115.0,watch
1350,2021-08-04 13:03:00,65.0,phone
1351,2021-08-04 13:03:00,66.0,watch
1352,2021-08-04 13:04:00,9.0,phone
1353,2021-08-04 13:04:00,16.0,watch
1354,2021-08-04 13:23:00,22.0,watch
1355,2021-08-04 13:24:00,109.0,phone
1356,2021-08-04 13:24:00,111.0,watch
1357,2021-08-04 13:25:00,116.0,phone
1358,2021-08-04 13:25:00,116.0,watch
1359,2021-08-04 13:26:00,116.0,phone
1360,2021-08-04 13:26:00,116.0,watch
1361,2021-08-04 13:27:00,54.0,phone
1362,2021-08-04 13:27:00,54.0,watch
1363,2021-08-04 13:29:00,9.0,phone
1364,2021-08-04 14:11:00,15.0,watch
1365,2021-08-04 14:12:00,11.0,watch
1366,2021-08-04 14:16:00,24.0,phone
1367,2021-08-04 14:16:00,24.0,watch
1368,2021-08-04 14:17:00,79.0,phone
1369,2021-08-04 14:17:00,57.0,watch
1370,2021-08-04 14:18:00,117.0,phone
1371,2021-08-04 14:18:00,117.0,watch
1372,2021-08-04 14:19:00,115.0,phone
1373,2021-08-04 14:19:00,114.0,watch
1374,2021-08-04 14:20:00,118.0,phone
1375,2021-08-04 14:20:00,119.0,watch
1376,2021-08-04 14:21:00,56.0,phone
1377,2021-08-04 14:21:00,60.0,watch
1378,2021-08-04 14:22:00,117.0,phone
1379,2021-08-04 14:22:00,115.0,watch
1380,2021-08-04 14:23:00,66.0,phone
1381,2021-08-04 14:23:00,61.0,watch
1382,2021-08-04 14:24:00,10.0,phone
1383,2021-08-04 14:24:00,18.0,watch
1384,2021-08-04 15:04:00,9.0,phone
1385,2021-08-04 15:04:00,9.0,watch
1386,2021-08-04 15:06:00,25.0,phone
1387,2021-08-04 15:06:00,15.0,watch
1388,2021-08-04 15:07:00,14.0,watch
1389,2021-08-04 15:33:00,55.0,phone
1390,2021-08-04 15:33:00,44.0,watch
1391,2021-08-04 15:34:00,92.0,phone
1392,2021-08-04 15:34:00,95.0,watch
1393,2021-08-04 15:35:00,68.0,phone
1394,2021-08-04 15:35:00,65.0,watch
1395,2021-08-04 15:36:00,92.0,phone
1396,2021-08-04 15:36:00,87.0,watch
1397,2021-08-04 15:37:00,79.0,phone
1398,2021-08-04 15:37:00,80.0,watch
1399,2021-08-04 15:38:00,49.0,phone
1400,2021-08-04 15:38:00,51.0,watch
1401,2021-08-04 15:39:00,62.0,phone
1402,2021-08-04 15:39:00,62.0,watch
1403,2021-08-04 15:40:00,75.0,phone
1404,2021-08-04 15:40:00,77.0,watch
1405,2021-08-04 15:43:00,46.0,phone
1406,2021-08-04 15:43:00,53.0,watch
1407,2021-08-04 15:44:00,78.0,phone
1408,2021-08-04 15:44:00,100.0,watch
1409,2021-08-04 15:45:00,57.0,phone
1410,2021-08-04 15:45:00,52.0,watch
1411,2021-08-04 15:47:00,83.0,phone
1412,2021-08-04 15:47:00,79.0,watch
1413,2021-08-04 15:48:00,116.0,phone
1414,2021-08-04 15:48:00,117.0,watch
1415,2021-08-04 15:49:00,116.0,phone
1416,2021-08-04 15:49:00,115.0,watch
1417,2021-08-04 15:50:00,117.0,phone
1418,2021-08-04 15:50:00,117.0,watch
1419,2021-08-04 15:51:00,115.0,phone
1420,2021-08-04 15:51:00,114.0,watch
1421,2021-08-04 15:52:00,77.0,phone
1422,2021-08-04 15:52:00,81.0,watch
1423,2021-08-04 15:53:00,17.0,phone
1424,2021-08-04 15:53:00,17.0,watch
1425,2021-08-04 15:54:00,105.0,phone
1426,2021-08-04 15:54:00,111.0,watch
1427,2021-08-04 15:55:00,33.0,phone
1428,2021-08-04 15:55:00,18.0,watch
1429,2021-08-04 15:56:00,9.0,phone
1430,2021-08-04 15:56:00,9.0,watch
1431,2021-08-04 15:57:00,8.0,phone
1432,2021-08-04 15:57:00,8.0,watch
1433,2021-08-04 15:58:00,16.0,phone
1434,2021-08-04 15:59:00,47.0,phone
1435,2021-08-04 15:59:00,56.0,watch
1436,2021-08-04 16:02:00,8.0,phone
1437,2021-08-04 16:03:00,15.0,phone
1438,2021-08-04 16:06:00,11.0,phone
1439,2021-08-04 16:09:00,15.0,phone
1440,2021-08-04 16:09:00,23.0,watch
1441,2021-08-04 16:11:00,85.0,phone
1442,2021-08-04 16:11:00,77.0,watch
1443,2021-08-04 16:12:00,15.0,phone
1444,2021-08-04 16:13:00,22.0,phone
1445,2021-08-05 12:31:00,18.0,phone
1446,2021-08-05 12:32:00,9.0,phone
1447,2021-08-05 12:32:00,9.0,watch
1448,2021-08-06 00:42:00,38.0,phone
1449,2021-08-06 00:43:00,1.0,phone
1450,2021-08-06 00:43:00,1.0,watch
1451,2021-08-06 00:59:00,8.0,phone
1452,2021-08-06 02:15:00,6.0,phone
1453,2021-08-06 11:37:00,7.0,phone
1454,2021-08-06 12:35:00,22.0,phone
1455,2021-08-06 14:38:00,9.0,phone
1456,2021-08-06 14:38:00,9.0,watch
1457,2021-08-06 14:54:00,15.0,phone
1458,2021-08-06 14:55:00,14.0,phone
1459,2021-08-06 14:55:00,14.0,watch
1460,2021-08-06 15:00:00,9.0,phone
1461,2021-08-06 15:01:00,34.0,phone
1462,2021-08-06 15:02:00,50.0,phone
1463,2021-08-06 15:03:00,16.0,phone
1464,2021-08-06 15:55:00,58.0,phone
1465,2021-08-06 15:57:00,29.0,phone
1466,2021-08-06 17:52:00,6.0,phone
1467,2021-08-06 19:08:00,16.0,phone
1468,2021-08-06 19:08:00,16.0,watch
1469,2021-08-06 19:16:00,26.0,phone
1470,2021-08-06 19:16:00,26.0,watch
1471,2021-08-07 04:03:00,14.0,phone
1472,2021-08-07 10:12:00,17.0,phone
1473,2021-08-07 10:12:00,17.0,watch
1474,2021-08-07 10:33:00,35.0,phone
1475,2021-08-07 11:07:00,8.0,phone
1476,2021-08-07 11:07:00,8.0,watch
1477,2021-08-07 11:51:00,19.0,phone
1478,2021-08-07 11:52:00,3.0,phone
1479,2021-08-07 12:03:00,29.0,phone
1480,2021-08-07 15:25:00,7.0,phone
1481,2021-08-07 15:25:00,7.0,watch
1482,2021-08-07 16:09:00,13.0,phone
1483,2021-08-07 17:44:00,9.0,phone
1484,2021-08-07 17:44:00,9.0,watch
1485,2021-08-07 19:26:00,6.0,phone
1486,2021-08-08 00:55:00,14.0,phone
1487,2021-08-08 01:13:00,6.0,phone
1488,2021-08-08 02:24:00,12.0,phone
1489,2021-08-08 02:24:00,12.0,watch
1490,2021-08-08 03:22:00,25.0,phone
1491,2021-08-08 04:01:00,32.0,phone
1492,2021-08-08 04:01:00,32.0,watch
1493,2021-08-08 05:20:00,7.0,phone
1494,2021-08-08 05:20:00,7.0,watch
1495,2021-08-08 11:06:00,7.0,phone
1496,2021-08-08 11:19:00,15.0,phone
1497,2021-08-08 13:14:00,6.0,phone
1498,2021-08-08 13:14:00,6.0,watch
1499,2021-08-08 14:09:00,9.0,phone
1500,2021-08-08 14:32:00,9.0,phone
1501,2021-08-08 14:32:00,9.0,watch
1502,2021-08-08 16:23:00,16.0,phone
1503,2021-08-08 16:38:00,7.0,phone
1504,2021-08-08 17:16:00,26.0,phone
1505,2021-08-08 17:17:00,15.0,phone
1506,2021-08-08 17:18:00,15.0,phone
1507,2021-08-08 17:19:00,44.0,phone
1508,2021-08-08 17:20:00,122.0,phone
1509,2021-08-08 17:21:00,8.0,phone
1510,2021-08-08 17:27:00,15.0,phone
1511,2021-08-08 17:28:00,1.0,phone
1512,2021-08-08 17:32:00,31.0,phone
1513,2021-08-08 17:33:00,113.0,phone
1514,2021-08-08 17:34:00,118.0,phone
1515,2021-08-08 17:35:00,117.0,phone
1516,2021-08-08 17:36:00,113.0,phone
1517,2021-08-08 17:37:00,41.0,phone
1518,2021-08-08 18:50:00,7.0,phone
1519,2021-08-08 19:11:00,16.0,phone
1520,2021-08-08 19:12:00,117.0,phone
1521,2021-08-08 19:13:00,118.0,phone
1522,2021-08-08 19:14:00,119.0,phone
1523,2021-08-08 19:15:00,104.0,phone
1524,2021-08-08 19:16:00,22.0,phone
1525,2021-08-08 19:17:00,114.0,phone
1526,2021-08-08 19:18:00,110.0,phone
1527,2021-08-08 19:19:00,101.0,phone
1528,2021-08-08 19:20:00,92.0,phone
1529,2021-08-08 19:21:00,20.0,phone
1530,2021-08-08 20:17:00,45.0,phone
1531,2021-08-08 20:18:00,117.0,phone
1532,2021-08-08 20:19:00,115.0,phone
1533,2021-08-08 20:20:00,114.0,phone
1534,2021-08-08 20:21:00,117.0,phone
1535,2021-08-08 20:22:00,116.0,phone
1536,2021-08-08 20:23:00,113.0,phone
1537,2021-08-08 20:24:00,114.0,phone
1538,2021-08-08 20:25:00,39.0,phone
1539,2021-08-08 20:41:00,18.0,phone
1540,2021-08-08 20:42:00,30.0,phone
1541,2021-08-08 20:43:00,48.0,phone
1542,2021-08-08 20:44:00,118.0,phone
1543,2021-08-08 20:45:00,119.0,phone
1544,2021-08-08 20:46:00,118.0,phone
1545,2021-08-08 20:47:00,118.0,phone
1546,2021-08-08 20:48:00,61.0,phone
1547,2021-08-08 20:49:00,29.0,phone
1548,2021-08-08 20:56:00,41.0,phone
1549,2021-08-08 21:00:00,89.0,phone
1550,2021-08-08 21:01:00,71.0,phone
1551,2021-08-08 21:02:00,27.0,phone
1552,2021-08-08 21:03:00,27.0,phone
1553,2021-08-09 01:53:00,14.0,phone
1554,2021-08-10 11:48:00,31.0,phone
1555,2021-08-10 12:50:00,6.0,phone
1556,2021-08-10 12:50:00,6.0,watch
1557,2021-08-10 13:58:00,25.0,phone
1558,2021-08-10 14:06:00,24.0,phone
1559,2021-08-10 14:06:00,24.0,watch
1560,2021-08-10 14:26:00,7.0,phone
1561,2021-08-10 14:28:00,11.0,phone
1562,2021-08-10 14:29:00,7.0,phone
1563,2021-08-10 15:04:00,23.0,phone
1564,2021-08-10 15:12:00,26.0,phone
1565,2021-08-10 18:53:00,9.0,phone
1566,2021-08-10 18:53:00,9.0,watch
1567,2021-08-10 20:22:00,13.0,phone
1568,2021-08-11 04:18:00,12.0,phone
1569,2021-08-11 04:47:00,13.0,phone
1570,2021-08-11 04:47:00,13.0,watch
1571,2021-08-11 11:15:00,7.0,phone
1572,2021-08-11 12:02:00,7.0,phone
1573,2021-08-11 12:03:00,13.0,phone
1574,2021-08-11 12:35:00,0.0,phone
1575,2021-08-11 14:29:00,24.0,phone
1576,2021-08-11 14:30:00,35.0,phone
1577,2021-08-11 15:27:00,46.0,phone
1578,2021-08-11 15:28:00,7.0,phone
1579,2021-08-11 15:32:00,6.0,phone
1580,2021-08-11 17:44:00,7.0,phone
1581,2021-08-11 18:21:00,26.0,phone
1582,2021-08-11 18:21:00,26.0,watch
1583,2021-08-11 19:19:00,26.0,phone
1584,2021-08-11 20:03:00,11.0,phone
1585,2021-08-11 20:13:00,28.0,phone
1586,2021-08-11 20:13:00,28.0,watch
1587,2021-08-11 20:52:00,18.0,phone
1588,2021-08-11 20:54:00,73.0,phone
1589,2021-08-11 20:55:00,66.0,phone
1590,2021-08-11 20:56:00,19.0,phone
1591,2021-08-11 20:58:00,61.0,phone
1592,2021-08-11 20:59:00,17.0,phone
1593,2021-08-11 21:38:00,21.0,phone
1594,2021-08-11 21:38:00,21.0,watch
1595,2021-08-11 21:53:00,20.0,phone
1596,2021-08-11 21:54:00,0.0,phone
1597,2021-08-11 23:20:00,6.0,phone
1598,2021-08-12 01:52:00,16.0,phone
1599,2021-08-12 01:53:00,7.0,phone
1600,2021-08-12 01:53:00,7.0,watch
1601,2021-08-12 17:00:00,61.0,phone
1602,2021-08-12 17:00:00,63.0,watch
1603,2021-08-12 17:01:00,69.0,phone
1604,2021-08-12 17:01:00,87.0,watch
1605,2021-08-12 17:02:00,37.0,phone
1606,2021-08-12 17:02:00,58.0,watch
1607,2021-08-12 17:03:00,15.0,phone
1608,2021-08-12 17:03:00,20.0,watch
1609,2021-08-12 17:04:00,73.0,phone
1610,2021-08-12 17:04:00,62.0,watch
1611,2021-08-12 17:05:00,35.0,phone
1612,2021-08-12 17:05:00,35.0,watch
1613,2021-08-12 17:07:00,9.0,phone
1614,2021-08-12 17:08:00,15.0,phone
1615,2021-08-12 17:09:00,20.0,phone
1616,2021-08-12 17:09:00,14.0,watch
1617,2021-08-12 17:10:00,7.0,phone
1618,2021-08-12 17:15:00,50.0,phone
1619,2021-08-12 17:15:00,53.0,watch
1620,2021-08-12 17:16:00,114.0,phone
1621,2021-08-12 17:16:00,72.0,watch
1622,2021-08-12 17:17:00,115.0,phone
1623,2021-08-12 17:17:00,107.0,watch
1624,2021-08-12 17:18:00,115.0,phone
1625,2021-08-12 17:18:00,115.0,watch
1626,2021-08-12 17:19:00,23.0,phone
1627,2021-08-12 17:19:00,22.0,watch
1628,2021-08-12 17:51:00,33.0,watch
1629,2021-08-12 17:52:00,34.0,watch
1630,2021-08-12 18:12:00,17.0,watch
1631,2021-08-12 18:13:00,37.0,watch
1632,2021-08-12 18:23:00,16.0,watch
1633,2021-08-12 19:08:00,20.0,watch
1634,2021-08-12 19:43:00,24.0,watch
1635,2021-08-12 20:00:00,26.0,watch
1636,2021-08-12 20:01:00,108.0,phone
1637,2021-08-12 20:01:00,57.0,watch
1638,2021-08-12 20:02:00,117.0,phone
1639,2021-08-12 20:02:00,117.0,watch
1640,2021-08-12 20:03:00,116.0,phone
1641,2021-08-12 20:03:00,115.0,watch
1642,2021-08-12 20:04:00,117.0,phone
1643,2021-08-12 20:04:00,123.0,watch
1644,2021-08-12 20:05:00,93.0,phone
1645,2021-08-12 20:05:00,94.0,watch
1646,2021-08-12 20:06:00,39.0,phone
1647,2021-08-12 20:06:00,41.0,watch
1648,2021-08-12 20:07:00,28.0,phone
1649,2021-08-12 20:07:00,36.0,watch
1650,2021-08-12 20:11:00,24.0,watch
1651,2021-08-12 20:12:00,11.0,phone
1652,2021-08-12 20:12:00,7.0,watch
1653,2021-08-12 20:13:00,18.0,phone
1654,2021-08-12 20:18:00,42.0,phone
1655,2021-08-12 20:18:00,25.0,watch
1656,2021-08-12 20:19:00,4.0,phone
1657,2021-08-12 20:19:00,15.0,watch
1658,2021-08-12 20:20:00,117.0,phone
1659,2021-08-12 20:20:00,117.0,watch
1660,2021-08-12 20:21:00,60.0,phone
1661,2021-08-12 20:21:00,60.0,watch
1662,2021-08-12 20:23:00,53.0,phone
1663,2021-08-12 20:24:00,16.0,phone
1664,2021-08-12 20:24:00,32.0,watch
1665,2021-08-12 20:25:00,23.0,watch
1666,2021-08-12 20:29:00,15.0,watch
1667,2021-08-12 22:20:00,14.0,phone
1668,2021-08-12 22:22:00,6.0,phone
1669,2021-08-12 22:42:00,24.0,phone
1670,2021-08-13 14:55:00,51.0,phone
1671,2021-08-13 14:56:00,30.0,phone
1672,2021-08-13 14:57:00,35.0,phone
1673,2021-08-13 14:59:00,20.0,phone
1674,2021-08-13 15:00:00,38.0,phone
1675,2021-08-13 15:01:00,17.0,phone
1676,2021-08-13 18:03:00,6.0,phone
1677,2021-08-13 18:21:00,8.0,phone
1678,2021-08-13 18:39:00,10.0,phone
1679,2021-08-13 18:40:00,10.0,phone
1680,2021-08-14 02:13:00,29.0,phone
1681,2021-08-14 08:27:00,54.0,watch
1682,2021-08-14 08:28:00,54.0,watch
1683,2021-08-14 08:29:00,3.0,watch
1684,2021-08-14 08:32:00,58.0,phone
1685,2021-08-14 08:32:00,63.0,watch
1686,2021-08-14 08:33:00,72.0,phone
1687,2021-08-14 08:33:00,59.0,watch
1688,2021-08-14 08:43:00,79.0,phone
1689,2021-08-14 08:43:00,29.0,watch
1690,2021-08-14 08:44:00,19.0,phone
1691,2021-08-14 08:44:00,24.0,watch
1692,2021-08-14 08:45:00,70.0,phone
1693,2021-08-14 08:45:00,84.0,watch
1694,2021-08-14 08:46:00,17.0,watch
1695,2021-08-14 11:16:00,116.0,phone
1696,2021-08-14 11:16:00,106.0,watch
1697,2021-08-14 11:17:00,119.0,phone
1698,2021-08-14 11:17:00,111.0,watch
1699,2021-08-14 11:18:00,120.0,phone
1700,2021-08-14 11:18:00,130.0,watch
1701,2021-08-14 11:19:00,118.0,phone
1702,2021-08-14 11:19:00,119.0,watch
1703,2021-08-14 11:20:00,117.0,phone
1704,2021-08-14 11:20:00,118.0,watch
1705,2021-08-14 11:21:00,65.0,phone
1706,2021-08-14 11:21:00,69.0,watch
1707,2021-08-14 11:22:00,114.0,phone
1708,2021-08-14 11:22:00,111.0,watch
1709,2021-08-14 11:23:00,97.0,phone
1710,2021-08-14 11:23:00,105.0,watch
1711,2021-08-14 11:24:00,114.0,phone
1712,2021-08-14 11:24:00,116.0,watch
1713,2021-08-14 11:25:00,114.0,phone
1714,2021-08-14 11:25:00,112.0,watch
1715,2021-08-14 11:26:00,110.0,phone
1716,2021-08-14 11:26:00,110.0,watch
1717,2021-08-14 11:27:00,114.0,phone
1718,2021-08-14 11:27:00,114.0,watch
1719,2021-08-14 11:28:00,108.0,phone
1720,2021-08-14 11:28:00,108.0,watch
1721,2021-08-14 11:29:00,114.0,phone
1722,2021-08-14 11:29:00,111.0,watch
1723,2021-08-14 11:30:00,116.0,phone
1724,2021-08-14 11:30:00,108.0,watch
1725,2021-08-14 11:31:00,116.0,phone
1726,2021-08-14 11:31:00,118.0,watch
1727,2021-08-14 11:32:00,115.0,phone
1728,2021-08-14 11:32:00,111.0,watch
1729,2021-08-14 11:33:00,114.0,phone
1730,2021-08-14 11:33:00,113.0,watch
1731,2021-08-14 11:34:00,27.0,phone
1732,2021-08-14 11:34:00,38.0,watch
1733,2021-08-14 11:35:00,67.0,phone
1734,2021-08-14 11:35:00,63.0,watch
1735,2021-08-14 11:36:00,116.0,phone
1736,2021-08-14 11:36:00,114.0,watch
1737,2021-08-14 11:37:00,115.0,phone
1738,2021-08-14 11:37:00,116.0,watch
1739,2021-08-14 11:38:00,102.0,phone
1740,2021-08-14 11:38:00,94.0,watch
1741,2021-08-14 11:39:00,116.0,phone
1742,2021-08-14 11:39:00,120.0,watch
1743,2021-08-14 11:40:00,114.0,phone
1744,2021-08-14 11:40:00,110.0,watch
1745,2021-08-14 11:41:00,116.0,phone
1746,2021-08-14 11:41:00,117.0,watch
1747,2021-08-14 11:42:00,97.0,phone
1748,2021-08-14 11:42:00,102.0,watch
1749,2021-08-14 11:43:00,51.0,phone
1750,2021-08-14 11:43:00,48.0,watch
1751,2021-08-14 11:44:00,113.0,phone
1752,2021-08-14 11:44:00,114.0,watch
1753,2021-08-14 11:45:00,102.0,phone
1754,2021-08-14 11:45:00,107.0,watch
1755,2021-08-14 11:46:00,107.0,phone
1756,2021-08-14 11:46:00,105.0,watch
1757,2021-08-14 11:47:00,110.0,phone
1758,2021-08-14 11:47:00,108.0,watch
1759,2021-08-14 11:48:00,107.0,phone
1760,2021-08-14 11:48:00,107.0,watch
1761,2021-08-14 11:49:00,107.0,phone
1762,2021-08-14 11:49:00,108.0,watch
1763,2021-08-14 11:50:00,109.0,phone
1764,2021-08-14 11:50:00,107.0,watch
1765,2021-08-14 11:51:00,113.0,phone
1766,2021-08-14 11:51:00,114.0,watch
1767,2021-08-14 11:52:00,115.0,phone
1768,2021-08-14 11:52:00,116.0,watch
1769,2021-08-14 11:53:00,113.0,phone
1770,2021-08-14 11:53:00,112.0,watch
1771,2021-08-14 11:54:00,116.0,phone
1772,2021-08-14 11:54:00,116.0,watch
1773,2021-08-14 11:55:00,117.0,phone
1774,2021-08-14 11:55:00,111.0,watch
1775,2021-08-14 11:56:00,117.0,phone
1776,2021-08-14 11:56:00,118.0,watch
1777,2021-08-14 11:57:00,120.0,phone
1778,2021-08-14 11:57:00,118.0,watch
1779,2021-08-14 11:58:00,116.0,phone
1780,2021-08-14 11:58:00,118.0,watch
1781,2021-08-14 11:59:00,117.0,phone
1782,2021-08-14 11:59:00,118.0,watch
1783,2021-08-14 12:00:00,117.0,phone
1784,2021-08-14 12:00:00,108.0,watch
1785,2021-08-14 12:01:00,55.0,phone
1786,2021-08-14 12:01:00,66.0,watch
1787,2021-08-14 12:03:00,31.0,phone
1788,2021-08-14 12:03:00,26.0,watch
1789,2021-08-14 12:05:00,74.0,phone
1790,2021-08-14 12:05:00,65.0,watch
1791,2021-08-14 12:06:00,81.0,phone
1792,2021-08-14 12:06:00,81.0,watch
1793,2021-08-14 12:07:00,9.0,phone
1794,2021-08-14 12:14:00,12.0,phone
1795,2021-08-14 12:15:00,0.0,phone
1796,2021-08-14 12:16:00,18.0,phone
1797,2021-08-14 12:16:00,18.0,watch
1798,2021-08-14 12:17:00,27.0,phone
1799,2021-08-14 12:17:00,41.0,watch
1800,2021-08-14 12:19:00,23.0,watch
1801,2021-08-14 12:20:00,3.0,watch
1802,2021-08-14 12:21:00,49.0,phone
1803,2021-08-14 12:21:00,34.0,watch
1804,2021-08-14 12:22:00,77.0,phone
1805,2021-08-14 12:22:00,84.0,watch
1806,2021-08-14 12:23:00,14.0,phone
1807,2021-08-14 12:23:00,19.0,watch
1808,2021-08-14 12:24:00,76.0,phone
1809,2021-08-14 12:24:00,52.0,watch
1810,2021-08-14 12:25:00,13.0,phone
1811,2021-08-14 12:25:00,16.0,watch
1812,2021-08-14 12:26:00,8.0,phone
1813,2021-08-14 12:26:00,33.0,watch
1814,2021-08-14 12:27:00,31.0,watch
1815,2021-08-14 12:34:00,7.0,phone
1816,2021-08-14 17:03:00,23.0,phone
1817,2021-08-14 17:03:00,23.0,watch
1818,2021-08-14 17:04:00,27.0,phone
1819,2021-08-15 03:16:00,18.0,phone
1820,2021-08-15 03:27:00,22.0,phone
1821,2021-08-15 14:23:00,25.0,phone
1822,2021-08-15 14:23:00,25.0,watch
1823,2021-08-15 16:07:00,6.0,phone
1824,2021-08-15 16:07:00,6.0,watch
1825,2021-08-15 17:05:00,17.0,watch
1826,2021-08-15 17:06:00,30.0,phone
1827,2021-08-15 17:06:00,34.0,watch
1828,2021-08-15 17:07:00,24.0,phone
1829,2021-08-15 17:07:00,39.0,watch
1830,2021-08-15 17:08:00,22.0,phone
1831,2021-08-15 17:08:00,42.0,watch
1832,2021-08-15 17:09:00,16.0,phone
1833,2021-08-15 17:10:00,35.0,phone
1834,2021-08-15 17:10:00,46.0,watch
1835,2021-08-15 17:11:00,15.0,phone
1836,2021-08-15 17:11:00,29.0,watch
1837,2021-08-15 17:12:00,87.0,phone
1838,2021-08-15 17:12:00,99.0,watch
1839,2021-08-15 17:13:00,18.0,phone
1840,2021-08-15 17:13:00,15.0,watch
1841,2021-08-15 17:14:00,89.0,phone
1842,2021-08-15 17:14:00,82.0,watch
1843,2021-08-15 17:18:00,30.0,phone
1844,2021-08-15 17:20:00,47.0,phone
1845,2021-08-15 17:20:00,41.0,watch
1846,2021-08-15 17:21:00,18.0,phone
1847,2021-08-15 17:21:00,26.0,watch
1848,2021-08-15 17:23:00,37.0,phone
1849,2021-08-15 17:23:00,36.0,watch
1850,2021-08-15 17:24:00,112.0,phone
1851,2021-08-15 17:24:00,106.0,watch
1852,2021-08-15 17:25:00,110.0,phone
1853,2021-08-15 17:25:00,122.0,watch
1854,2021-08-15 17:26:00,109.0,phone
1855,2021-08-15 17:26:00,118.0,watch
1856,2021-08-15 17:27:00,80.0,phone
1857,2021-08-15 17:27:00,85.0,watch
1858,2021-08-15 17:28:00,31.0,phone
1859,2021-08-15 17:29:00,16.0,phone
1860,2021-08-15 17:29:00,36.0,watch
1861,2021-08-15 17:30:00,56.0,watch
1862,2021-08-15 17:31:00,4.0,watch
1863,2021-08-15 17:32:00,15.0,watch
1864,2021-08-15 17:34:00,17.0,watch
1865,2021-08-15 17:38:00,38.0,watch
1866,2021-08-15 17:59:00,28.0,watch
1867,2021-08-15 18:00:00,3.0,watch
1868,2021-08-15 18:03:00,22.0,watch
1869,2021-08-15 18:04:00,8.0,phone
1870,2021-08-15 18:04:00,21.0,watch
1871,2021-08-15 18:15:00,7.0,phone
1872,2021-08-15 18:38:00,7.0,phone
1873,2021-08-15 18:49:00,10.0,phone
1874,2021-08-15 19:07:00,26.0,watch
1875,2021-08-15 19:08:00,28.0,watch
1876,2021-08-15 19:09:00,100.0,phone
1877,2021-08-15 19:09:00,87.0,watch
1878,2021-08-15 19:10:00,113.0,phone
1879,2021-08-15 19:10:00,116.0,watch
1880,2021-08-15 19:11:00,116.0,phone
1881,2021-08-15 19:11:00,115.0,watch
1882,2021-08-15 19:12:00,116.0,phone
1883,2021-08-15 19:12:00,115.0,watch
1884,2021-08-15 19:13:00,61.0,phone
1885,2021-08-15 19:13:00,57.0,watch
1886,2021-08-15 19:14:00,113.0,phone
1887,2021-08-15 19:14:00,120.0,watch
1888,2021-08-15 19:15:00,114.0,phone
1889,2021-08-15 19:15:00,117.0,watch
1890,2021-08-15 19:16:00,114.0,phone
1891,2021-08-15 19:16:00,114.0,watch
1892,2021-08-15 19:17:00,59.0,phone
1893,2021-08-15 19:17:00,63.0,watch
1894,2021-08-15 19:18:00,45.0,phone
1895,2021-08-15 19:18:00,68.0,watch
1896,2021-08-15 19:19:00,13.0,phone
1897,2021-08-15 19:19:00,22.0,watch
1898,2021-08-15 19:58:00,24.0,watch
1899,2021-08-15 19:59:00,31.0,watch
1900,2021-08-15 20:09:00,32.0,watch
1901,2021-08-15 20:10:00,29.0,watch
1902,2021-08-15 20:20:00,60.0,phone
1903,2021-08-15 20:20:00,22.0,watch
1904,2021-08-15 20:21:00,108.0,phone
1905,2021-08-15 20:21:00,123.0,watch
1906,2021-08-15 20:22:00,117.0,phone
1907,2021-08-15 20:22:00,117.0,watch
1908,2021-08-15 20:23:00,115.0,phone
1909,2021-08-15 20:23:00,113.0,watch
1910,2021-08-15 20:24:00,44.0,phone
1911,2021-08-15 20:24:00,45.0,watch
1912,2021-08-15 20:25:00,47.0,phone
1913,2021-08-15 20:25:00,34.0,watch
1914,2021-08-15 20:26:00,29.0,phone
1915,2021-08-15 20:26:00,35.0,watch
1916,2021-08-15 20:27:00,7.0,phone
1917,2021-08-15 20:27:00,7.0,watch
1918,2021-08-15 20:29:00,13.0,phone
1919,2021-08-15 20:29:00,7.0,watch
1920,2021-08-15 20:35:00,65.0,phone
1921,2021-08-15 20:35:00,73.0,watch
1922,2021-08-15 20:36:00,129.0,phone
1923,2021-08-15 20:36:00,127.0,watch
1924,2021-08-15 20:37:00,123.0,phone
1925,2021-08-15 20:37:00,117.0,watch
1926,2021-08-15 20:38:00,82.0,phone
1927,2021-08-15 20:38:00,82.0,watch
1928,2021-08-15 20:39:00,24.0,watch
1929,2021-08-15 21:08:00,21.0,watch
1930,2021-08-15 21:15:00,7.0,watch
1931,2021-08-15 21:17:00,57.0,phone
1932,2021-08-15 21:17:00,54.0,watch
1933,2021-08-15 21:18:00,98.0,phone
1934,2021-08-15 21:18:00,110.0,watch
1935,2021-08-15 21:19:00,100.0,phone
1936,2021-08-15 21:19:00,106.0,watch
1937,2021-08-15 21:20:00,84.0,phone
1938,2021-08-15 21:20:00,106.0,watch
1939,2021-08-15 21:21:00,111.0,phone
1940,2021-08-15 21:21:00,109.0,watch
1941,2021-08-15 21:22:00,114.0,phone
1942,2021-08-15 21:22:00,115.0,watch
1943,2021-08-15 21:23:00,50.0,phone
1944,2021-08-15 21:23:00,53.0,watch
1945,2021-08-15 21:28:00,9.0,phone
1946,2021-08-15 21:29:00,0.0,phone
1947,2021-08-15 21:30:00,15.0,watch
1948,2021-08-15 21:32:00,16.0,watch
1949,2021-08-15 21:33:00,30.0,watch
1950,2021-08-15 21:39:00,15.0,watch
1951,2021-08-15 21:40:00,33.0,phone
1952,2021-08-15 21:40:00,23.0,watch
1953,2021-08-15 21:42:00,12.0,phone
1954,2021-08-15 21:44:00,101.0,phone
1955,2021-08-15 21:44:00,102.0,watch
1956,2021-08-15 21:45:00,49.0,phone
1957,2021-08-15 21:45:00,44.0,watch
1958,2021-08-15 21:46:00,11.0,phone
1959,2021-08-15 21:46:00,11.0,watch
1960,2021-08-15 21:47:00,39.0,phone
1961,2021-08-15 21:47:00,30.0,watch
1962,2021-08-15 21:48:00,21.0,watch
1963,2021-08-15 22:27:00,48.0,watch
1964,2021-08-15 22:28:00,10.0,watch
1965,2021-08-15 22:38:00,20.0,watch
1966,2021-08-15 22:44:00,28.0,watch
1967,2021-08-15 22:45:00,35.0,watch
1968,2021-08-15 22:46:00,20.0,watch
1969,2021-08-15 22:47:00,68.0,watch
1970,2021-08-15 22:48:00,82.0,watch
1971,2021-08-15 22:49:00,32.0,watch
1972,2021-08-15 22:50:00,20.0,watch
1973,2021-08-15 22:51:00,116.0,watch
1974,2021-08-15 22:52:00,82.0,watch
1975,2021-08-15 22:53:00,84.0,watch
1976,2021-08-15 23:19:00,15.0,watch
1977,2021-08-16 00:10:00,8.0,phone
1978,2021-08-16 01:10:00,7.0,phone
1979,2021-08-16 02:12:00,30.0,phone
1980,2021-08-16 02:28:00,30.0,phone
1981,2021-08-16 02:29:00,0.0,phone
1982,2021-08-16 04:05:00,9.0,phone
1983,2021-08-16 12:18:00,7.0,phone
1984,2021-08-16 13:12:00,7.0,phone
1985,2021-08-16 17:42:00,18.0,phone
1986,2021-08-16 17:43:00,29.0,phone
1987,2021-08-16 17:43:00,29.0,watch
1988,2021-08-16 20:09:00,9.0,phone
1989,2021-08-16 20:55:00,10.0,phone
1990,2021-08-16 20:56:00,8.0,phone
1991,2021-08-16 20:56:00,8.0,watch
1992,2021-08-16 20:59:00,39.0,phone
1993,2021-08-16 21:00:00,7.0,phone
1994,2021-08-16 21:00:00,7.0,watch
1995,2021-08-16 21:03:00,8.0,phone
1996,2021-08-16 21:03:00,8.0,watch
1997,2021-08-16 21:28:00,6.0,phone
1998,2021-08-16 21:50:00,6.0,phone
