,run_step,walk_step,timestamp,count,speed,distance,calorie,uuid,device
0,0,13,2021-07-20 13:05:00,13,1.2520477,9.97,0.54,GS+GR+y/bV,phone
1,0,39,2021-07-20 21:42:00,39,1.1650289,28.71,1.7299998,GS+GR+y/bV,phone
2,0,46,2021-07-20 21:43:00,61,1.346012,43.100002,2.5399995,GS+GR+y/bV,phone
3,0,12,2021-07-20 21:44:00,12,1.015872,8.630001,0.58000004,GS+GR+y/bV,phone
4,0,49,2021-07-20 21:46:00,49,1.1501111,36.089993,2.2399993,GS+GR+y/bV,phone
5,0,10,2021-07-20 21:47:00,10,0.9166667,7.07,0.48,GS+GR+y/bV,phone
6,0,81,2021-07-20 21:48:00,81,1.2987788,60.95,3.4500003,GS+GR+y/bV,phone
7,0,50,2021-07-20 21:49:00,69,1.3226731,47.46,3.86,GS+GR+y/bV,phone
8,0,16,2021-07-21 16:57:00,16,1.5833334,12.69,0.7,GS+GR+y/bV,phone
9,0,6,2021-07-21 16:58:00,6,1.2222222,4.5,0.27,GS+GR+y/bV,phone
10,0,6,2021-07-21 17:19:00,6,0.9444444,4.27,0.28,GS+GR+y/bV,phone
11,0,13,2021-07-21 21:55:00,13,1.5,10.2,0.54,GS+GR+y/bV,phone
12,0,7,2021-07-21 22:54:00,7,1.2020186,5.29,0.31,GS+GR+y/bV,phone
13,0,9,2021-07-21 23:00:00,9,1.3424897,6.7900004,0.39,GS+GR+y/bV,phone
14,0,32,2021-07-22 16:17:00,32,1.2735729,24.17,1.3100002,GS+GR+y/bV,phone
15,0,28,2021-07-22 16:18:00,28,1.1111112,20.28,1.32,GS+GR+y/bV,phone
16,0,22,2021-07-22 16:21:00,22,0.98550946,15.84,1.0400001,GS+GR+y/bV,phone
17,0,47,2021-07-22 16:22:00,47,1.4054765,36.130005,1.9799998,GS+GR+y/bV,phone
18,0,26,2021-07-22 16:23:00,26,1.1124188,18.97,1.1899998,GS+GR+y/bV,phone
19,0,21,2021-07-22 16:30:00,42,1.3310448,28.290007,1.7099999,GS+GR+y/bV,phone
20,0,94,2021-07-22 16:31:00,96,1.3518833,72.47001,3.959999,GS+GR+y/bV,phone
21,0,69,2021-07-22 16:32:00,84,1.3055556,60.18,4.4,GS+GR+y/bV,phone
22,0,55,2021-07-22 17:57:00,55,1.4289736,42.909992,2.2999997,GS+GR+y/bV,phone
23,0,37,2021-07-22 18:00:00,37,1.3333334,27.62,1.59,GS+GR+y/bV,phone
24,0,6,2021-07-22 19:43:00,6,1.2777778,4.48,0.27,GS+GR+y/bV,phone
25,0,9,2021-07-22 20:14:00,9,0.9166667,6.38,0.43000004,GS+GR+y/bV,phone
26,0,33,2021-07-22 20:15:00,33,1.0555556,23.65,1.58,GS+GR+y/bV,phone
27,0,9,2021-07-22 20:16:00,9,0.93656063,6.37,0.43000004,GS+GR+y/bV,phone
28,0,17,2021-07-22 20:30:00,17,1.2222222,12.6,0.76,GS+GR+y/bV,phone
29,0,14,2021-07-23 01:53:00,14,1.4959418,10.78,0.59000003,GS+GR+y/bV,phone
30,0,6,2021-07-23 14:21:00,6,0.9166667,4.23,0.28,GS+GR+y/bV,phone
31,0,8,2021-07-23 15:32:00,8,1.1666666,5.93,0.37,GS+GR+y/bV,phone
32,0,12,2021-07-23 15:33:00,12,1.2293712,8.82,0.5500001,GS+GR+y/bV,phone
33,0,6,2021-07-23 15:55:00,6,0.9166667,4.23,0.28,GS+GR+y/bV,phone
34,0,6,2021-07-23 16:06:00,6,0.9166666,4.31,0.28,GS+GR+y/bV,phone
35,0,38,2021-07-23 16:23:00,38,1.0921658,27.829998,1.7899998,GS+GR+y/bV,phone
36,0,68,2021-07-23 16:24:00,84,1.3055556,59.75,3.47,GS+GR+y/bV,phone
37,0,59,2021-07-23 16:25:00,76,1.2777778,53.29,4.4,GS+GR+y/bV,phone
38,0,19,2021-07-23 16:26:00,19,1.4166666,14.61,0.76,GS+GR+y/bV,phone
39,0,43,2021-07-24 17:38:00,43,1.3055556,32.16,1.86,GS+GR+y/bV,phone
40,0,77,2021-07-24 17:39:00,96,1.4722222,69.13,3.87,GS+GR+y/bV,phone
41,0,49,2021-07-24 17:43:00,49,1.2548767,36.79,2.1200001,GS+GR+y/bV,phone
42,0,67,2021-07-24 17:44:00,87,1.3611112,61.25,4.67,GS+GR+y/bV,phone
43,0,38,2021-07-24 17:45:00,56,1.4722222,38.18,2.35,GS+GR+y/bV,phone
44,0,88,2021-07-24 17:46:00,88,1.3333334,66.85,3.72,GS+GR+y/bV,phone
45,0,46,2021-07-24 17:47:00,46,1.3888888,35.17,1.88,GS+GR+y/bV,phone
46,0,28,2021-07-24 17:52:00,28,1.3333334,21.36,1.22,GS+GR+y/bV,phone
47,0,15,2021-07-24 17:53:00,15,1.5,11.7,0.62,GS+GR+y/bV,phone
48,0,29,2021-07-24 17:55:00,29,1.2777777,22.0,1.29,GS+GR+y/bV,phone
49,0,58,2021-07-24 17:56:00,70,1.25,50.37,3.66,GS+GR+y/bV,phone
50,0,23,2021-07-24 17:57:00,23,1.3611112,17.62,0.93,GS+GR+y/bV,phone
51,0,36,2021-07-24 21:54:00,50,1.2240057,34.33,2.92,GS+GR+y/bV,phone
52,0,8,2021-07-24 21:55:00,19,1.2732584,12.2699995,0.7800001,GS+GR+y/bV,phone
53,0,22,2021-07-25 02:31:00,22,1.25,16.11,0.97,GS+GR+y/bV,phone
54,0,15,2021-07-25 02:32:00,15,1.1944444,10.9,0.69,GS+GR+y/bV,phone
55,0,29,2021-07-25 02:33:00,29,1.2777778,21.87,1.22,GS+GR+y/bV,phone
56,0,38,2021-07-25 09:54:00,38,1.3055556,28.23,1.64,GS+GR+y/bV,phone
57,0,7,2021-07-25 09:58:00,7,1.25,5.11,0.32,GS+GR+y/bV,phone
58,0,38,2021-07-25 10:10:00,38,1.20204,28.16,1.6899996,GS+GR+y/bV,phone
59,0,46,2021-07-25 10:40:00,46,1.2777778,34.51,2.05,GS+GR+y/bV,phone
60,0,56,2021-07-25 10:48:00,56,1.2777778,41.65,2.35,GS+GR+y/bV,phone
61,0,78,2021-07-25 15:47:00,92,1.4073792,66.990005,3.7899995,GS+GR+y/bV,phone
62,0,55,2021-07-25 15:48:00,73,1.3055556,50.66,4.16,GS+GR+y/bV,phone
63,0,8,2021-07-25 19:49:00,8,1.1005863,5.92,0.37000003,GS+GR+y/bV,phone
64,0,2,2021-07-25 19:50:00,2,1.0833334,1.46,0.1,GS+GR+y/bV,phone
65,0,6,2021-07-25 20:26:00,6,1.6111112,4.71,0.27,GS+GR+y/bV,phone
66,0,8,2021-07-25 21:48:00,8,1.0277778,5.71,0.38,GS+GR+y/bV,phone
67,0,55,2021-07-25 21:49:00,75,1.2507915,51.1,4.3999996,GS+GR+y/bV,phone
68,0,14,2021-07-25 21:50:00,29,1.4888529,19.030003,1.2,GS+GR+y/bV,phone
69,0,14,2021-07-26 13:30:00,14,0.91666675,9.89,0.6,GS+GR+y/bV,phone
70,0,14,2021-07-26 22:09:00,14,1.1447694,10.129999,0.6,GS+GR+y/bV,phone
71,0,7,2021-07-26 22:10:00,7,1.2651621,5.27,0.31,GS+GR+y/bV,phone
72,0,49,2021-07-27 16:20:00,49,1.1388888,35.96,2.26,GS+GR+y/bV,phone
73,0,47,2021-07-27 16:21:00,62,1.3333334,43.52,2.55,GS+GR+y/bV,phone
74,0,70,2021-07-27 16:22:00,70,1.2777778,52.47,2.93,GS+GR+y/bV,phone
75,0,31,2021-07-27 16:23:00,31,1.2777778,23.29,1.3,GS+GR+y/bV,phone
76,0,8,2021-07-27 16:24:00,8,1.1944444,6.11,0.35,GS+GR+y/bV,phone
77,0,6,2021-07-27 16:26:00,6,1.1388888,4.56,0.27,GS+GR+y/bV,phone
78,0,17,2021-07-27 16:30:00,17,1.1944444,12.7,0.76,GS+GR+y/bV,phone
79,0,84,2021-07-27 16:31:00,84,1.2875416,63.189995,3.6099987,GS+GR+y/bV,phone
80,0,28,2021-07-27 16:32:00,28,1.278598,21.12,1.1500001,GS+GR+y/bV,phone
81,0,54,2021-07-27 16:33:00,54,1.3169333,40.68,2.3399997,GS+GR+y/bV,phone
82,0,71,2021-07-27 16:34:00,91,1.2222222,62.94,5.03,GS+GR+y/bV,phone
83,0,29,2021-07-27 16:35:00,29,1.3611112,22.15,1.18,GS+GR+y/bV,phone
84,0,15,2021-07-27 17:03:00,15,1.4161304,11.690001,0.64000005,GS+GR+y/bV,phone
85,0,9,2021-07-27 17:43:00,9,1.8097091,7.18,0.39,GS+GR+y/bV,phone
86,0,23,2021-07-27 19:57:00,23,1.3387488,17.490002,0.98000014,GS+GR+y/bV,phone
87,0,6,2021-07-27 20:37:00,6,0.9166666,4.24,0.28,GS+GR+y/bV,phone
88,0,66,2021-07-27 20:39:00,66,1.2807297,49.640015,2.9099987,GS+GR+y/bV,phone
89,0,26,2021-07-27 20:40:00,26,1.241708,19.46,1.15,GS+GR+y/bV,phone
90,0,17,2021-07-27 20:49:00,17,1.2101718,12.569999,0.7800001,GS+GR+y/bV,phone
91,0,59,2021-07-28 11:11:00,59,1.25,44.33,2.49,GS+GR+y/bV,phone
92,0,39,2021-07-28 11:12:00,51,1.2222222,35.9,2.86,GS+GR+y/bV,phone
93,0,13,2021-07-28 12:09:00,13,1.25,9.85,0.54,GS+GR+y/bV,phone
94,0,48,2021-07-28 12:10:00,73,1.2951292,50.04,3.2499998,GS+GR+y/bV,phone
95,0,17,2021-07-28 12:11:00,26,1.3055556,16.27,1.93,GS+GR+y/bV,phone
96,0,74,2021-07-28 14:00:00,92,1.2823377,64.45,3.9599993,GS+GR+y/bV,phone
97,0,82,2021-07-28 14:01:00,82,1.3055556,62.19,3.43,GS+GR+y/bV,phone
98,0,58,2021-07-28 14:02:00,70,1.2793596,50.539997,3.28,GS+GR+y/bV,phone
99,0,56,2021-07-28 15:36:00,73,1.2777778,50.1,3.22,GS+GR+y/bV,phone
100,0,12,2021-07-28 15:37:00,12,1.1111112,8.75,0.56,GS+GR+y/bV,phone
101,0,24,2021-07-28 15:39:00,24,1.4166666,18.63,1.03,GS+GR+y/bV,phone
102,0,59,2021-07-28 15:40:00,77,1.1388888,52.43,4.61,GS+GR+y/bV,phone
103,0,38,2021-07-28 16:57:00,58,1.3333334,38.55,2.47,GS+GR+y/bV,phone
104,0,49,2021-07-28 16:58:00,49,1.25,36.6,2.1799998,GS+GR+y/bV,phone
105,0,43,2021-07-28 17:58:00,43,1.2345686,31.82,1.82,GS+GR+y/bV,phone
106,0,43,2021-07-28 18:28:00,43,1.3313115,32.550003,1.7600001,GS+GR+y/bV,phone
107,0,17,2021-07-28 18:29:00,17,1.0555556,12.21,0.8,GS+GR+y/bV,phone
108,0,68,2021-07-28 18:46:00,68,1.1707914,50.13,3.009999,GS+GR+y/bV,phone
109,0,13,2021-07-28 18:47:00,13,0.94516987,9.27,0.6500001,GS+GR+y/bV,phone
110,0,23,2021-07-28 19:00:00,32,1.2777778,22.73,1.38,GS+GR+y/bV,phone
111,0,15,2021-07-28 19:01:00,15,1.0831424,10.9,0.71000004,GS+GR+y/bV,phone
112,0,94,2021-07-28 20:02:00,94,1.3055556,70.74,3.94,GS+GR+y/bV,phone
113,0,7,2021-07-28 20:03:00,7,1.181809,5.09,0.32,GS+GR+y/bV,phone
114,0,15,2021-07-28 20:04:00,15,1.0277778,10.76,0.73,GS+GR+y/bV,phone
115,0,98,2021-07-28 20:05:00,98,1.3211434,74.34,4.189998,GS+GR+y/bV,phone
116,0,85,2021-07-28 20:06:00,101,1.3333334,73.0,5.12,GS+GR+y/bV,phone
117,0,23,2021-07-29 11:47:00,23,1.3055556,17.41,0.99,GS+GR+y/bV,phone
118,0,85,2021-07-29 11:48:00,101,1.5,74.43,4.11,GS+GR+y/bV,phone
119,0,110,2021-07-29 11:49:00,110,1.4041667,84.25,4.4,GS+GR+y/bV,phone
120,0,109,2021-07-29 11:50:00,109,1.3926667,83.56,4.36,GS+GR+y/bV,phone
121,0,109,2021-07-29 11:51:00,109,1.3905001,83.43,4.36,GS+GR+y/bV,phone
122,0,95,2021-07-29 11:52:00,95,1.3611112,72.42,3.91,GS+GR+y/bV,phone
123,0,13,2021-07-29 11:53:00,13,1.3611112,9.89,0.52,GS+GR+y/bV,phone
124,0,13,2021-07-29 12:00:00,13,1.3055556,9.86,0.55,GS+GR+y/bV,phone
125,0,33,2021-07-29 12:01:00,33,1.1666532,24.3,1.4600002,GS+GR+y/bV,phone
126,0,18,2021-07-29 12:02:00,18,1.2777778,13.61,0.75,GS+GR+y/bV,phone
127,0,45,2021-07-29 12:03:00,45,1.2777778,33.73,1.92,GS+GR+y/bV,phone
128,0,34,2021-07-29 12:04:00,34,1.3611112,25.98,1.36,GS+GR+y/bV,phone
129,0,9,2021-07-29 12:15:00,9,2.0833333,7.46,0.38,GS+GR+y/bV,phone
130,0,8,2021-07-29 12:44:00,8,1.0833334,5.81,0.37,GS+GR+y/bV,phone
131,0,40,2021-07-29 12:45:00,40,1.2909284,30.140001,1.74,GS+GR+y/bV,phone
132,0,14,2021-07-29 12:46:00,14,0.9166667,9.88,0.66,GS+GR+y/bV,phone
133,0,44,2021-07-29 12:47:00,44,1.2033827,32.819996,1.9300001,GS+GR+y/bV,phone
134,0,72,2021-07-29 12:48:00,72,1.3888888,54.97,2.94,GS+GR+y/bV,phone
135,0,111,2021-07-29 12:49:00,111,1.4204999,85.23,4.44,GS+GR+y/bV,phone
136,0,112,2021-07-29 12:50:00,112,1.4353334,86.12,4.48,GS+GR+y/bV,phone
137,0,90,2021-07-29 12:51:00,90,1.3888888,68.92,3.6,GS+GR+y/bV,phone
138,0,60,2021-07-29 12:52:00,77,1.25,53.45,4.32,GS+GR+y/bV,phone
139,0,30,2021-07-29 12:53:00,30,1.4178202,23.070002,1.2799999,GS+GR+y/bV,phone
140,0,12,2021-07-29 12:54:00,12,0.9166667,8.49,0.58,GS+GR+y/bV,phone
141,0,28,2021-07-29 17:08:00,28,1.3546604,21.160004,1.14,GS+GR+y/bV,phone
142,0,67,2021-07-29 17:09:00,87,1.3791906,60.99,3.5800002,GS+GR+y/bV,phone
143,0,71,2021-07-29 17:10:00,89,1.3663076,63.1,4.86,GS+GR+y/bV,phone
144,0,8,2021-07-29 17:24:00,8,1.0751903,5.8900003,0.37000003,GS+GR+y/bV,phone
145,0,14,2021-07-29 19:01:00,14,1.320719,10.47,0.58000004,GS+GR+y/bV,phone
146,0,16,2021-07-29 19:10:00,16,1.0623891,11.64,0.68000007,GS+GR+y/bV,phone
147,0,22,2021-07-30 02:14:00,22,1.1084809,16.0,0.96000004,GS+GR+y/bV,phone
148,0,6,2021-07-30 02:29:00,6,0.9166667,4.23,0.28,GS+GR+y/bV,phone
149,0,8,2021-07-30 05:31:00,8,1.2463746,5.86,0.37,GS+GR+y/bV,phone
150,0,43,2021-07-30 13:35:00,43,1.1111112,31.21,1.91,GS+GR+y/bV,phone
151,0,17,2021-07-30 13:36:00,17,1.2456049,12.76,0.75,GS+GR+y/bV,phone
152,0,46,2021-07-30 13:44:00,46,1.2208036,34.539997,2.0299997,GS+GR+y/bV,phone
153,0,34,2021-07-30 17:40:00,34,1.3333334,26.1,1.43,GS+GR+y/bV,phone
154,0,79,2021-07-30 17:41:00,97,1.4166666,69.9,3.92,GS+GR+y/bV,phone
155,0,41,2021-07-30 17:43:00,41,1.25,30.82,1.69,GS+GR+y/bV,phone
156,0,73,2021-07-30 17:44:00,91,1.3055556,64.16,5.04,GS+GR+y/bV,phone
157,0,10,2021-07-30 19:12:00,10,1.4166666,7.56,0.45,GS+GR+y/bV,phone
158,0,64,2021-07-30 22:03:00,64,1.2777778,48.13,2.72,GS+GR+y/bV,phone
159,0,16,2021-07-30 22:04:00,16,1.4157948,12.12,0.68,GS+GR+y/bV,phone
160,0,9,2021-07-31 00:15:00,9,1.3055556,6.72,0.4,GS+GR+y/bV,phone
161,0,16,2021-07-31 09:28:00,16,1.4722221,12.35,0.71,GS+GR+y/bV,phone
162,0,7,2021-07-31 13:16:00,7,1.1189188,5.05,0.33,GS+GR+y/bV,phone
163,0,51,2021-07-31 14:46:00,51,1.4301925,38.940002,2.08,GS+GR+y/bV,phone
164,0,91,2021-07-31 14:47:00,106,1.3333334,77.03,4.32,GS+GR+y/bV,phone
165,0,7,2021-07-31 14:48:00,7,1.1422534,5.12,0.32,GS+GR+y/bV,phone
166,0,57,2021-07-31 14:49:00,57,1.2767234,42.89,2.43,GS+GR+y/bV,phone
167,0,15,2021-07-31 14:50:00,15,1.25,11.39,0.64,GS+GR+y/bV,phone
168,0,13,2021-07-31 14:55:00,13,1.1944444,9.79,0.59,GS+GR+y/bV,phone
169,0,16,2021-07-31 14:56:00,16,1.5,12.23,0.7,GS+GR+y/bV,phone
170,0,8,2021-07-31 15:00:00,8,1.1666666,5.89,0.37,GS+GR+y/bV,phone
171,3,32,2021-07-31 15:01:00,35,1.644849,29.489998,1.95,GS+GR+y/bV,phone
172,0,59,2021-07-31 15:03:00,74,1.2575904,51.480003,3.9,GS+GR+y/bV,phone
173,0,59,2021-07-31 15:04:00,63,1.3611109,46.63,2.9,GS+GR+y/bV,phone
174,0,25,2021-07-31 15:05:00,25,1.3055556,18.85,1.04,GS+GR+y/bV,phone
175,0,13,2021-07-31 20:34:00,13,1.3611112,10.01,0.54,GS+GR+y/bV,phone
176,0,8,2021-07-31 20:42:00,8,1.63006,6.38,0.33999997,GS+GR+y/bV,phone
177,0,43,2021-08-01 01:52:00,43,1.3888888,32.53,1.84,GS+GR+y/bV,phone
178,0,6,2021-08-01 02:49:00,6,0.9166667,4.23,0.28,GS+GR+y/bV,phone
179,0,7,2021-08-01 12:14:00,7,1.1388888,5.11,0.32,GS+GR+y/bV,phone
180,0,27,2021-08-01 16:45:00,27,1.2157799,20.359999,1.1899999,GS+GR+y/bV,phone
181,0,12,2021-08-01 18:08:00,12,1.2777778,9.15,0.5,GS+GR+y/bV,phone
182,0,7,2021-08-01 18:19:00,7,0.9166667,4.94,0.33,GS+GR+y/bV,phone
183,0,7,2021-08-01 18:37:00,7,1.5238047,5.54,0.29999998,GS+GR+y/bV,phone
184,0,8,2021-08-01 18:41:00,8,1.4686099,6.02,0.35999998,GS+GR+y/bV,phone
185,0,42,2021-08-01 19:08:00,42,1.2121992,31.499998,1.8400002,GS+GR+y/bV,phone
186,0,66,2021-08-01 19:09:00,82,1.3432456,58.58,3.4000003,GS+GR+y/bV,phone
187,0,64,2021-08-01 19:10:00,83,1.4722222,59.19,4.49,GS+GR+y/bV,phone
188,0,12,2021-08-01 20:09:00,12,1.6666666,9.83,0.5,GS+GR+y/bV,phone
189,0,6,2021-08-01 20:11:00,6,1.3333334,4.64,0.27,GS+GR+y/bV,phone
190,0,5,2021-08-01 20:12:00,5,1.1995115,3.72,0.23,GS+GR+y/bV,phone
191,0,12,2021-08-02 03:57:00,12,1.1388888,9.11,0.5,GS+GR+y/bV,phone
192,0,12,2021-08-02 03:58:00,12,1.3189944,9.01,0.53,GS+GR+y/bV,phone
193,0,10,2021-08-02 04:31:00,10,0.9494924,7.19,0.48000005,GS+GR+y/bV,phone
194,0,8,2021-08-02 04:39:00,8,1.1487184,5.93,0.37000003,GS+GR+y/bV,phone
195,0,80,2021-08-02 15:09:00,82,1.2542322,61.99,3.679999,GS+GR+y/bV,phone
196,0,70,2021-08-02 15:10:00,87,1.2770584,60.52,3.57,GS+GR+y/bV,phone
197,0,16,2021-08-02 15:11:00,16,1.0833334,11.54,0.78,GS+GR+y/bV,phone
198,0,85,2021-08-02 15:14:00,97,1.2619894,70.439995,4.8499994,GS+GR+y/bV,phone
199,0,53,2021-08-02 15:15:00,55,1.1944444,40.07,2.75,GS+GR+y/bV,phone
200,0,13,2021-08-02 17:16:00,13,1.1899135,9.48,0.55,GS+GR+y/bV,phone
201,0,6,2021-08-02 17:22:00,6,1.4722222,4.71,0.26,GS+GR+y/bV,phone
202,0,13,2021-08-03 07:07:00,13,1.3589829,10.110001,0.54,GS+GR+y/bV,phone
203,0,20,2021-08-03 15:01:00,20,1.4341197,15.600002,0.7900001,GS+GR+y/bV,phone
204,0,84,2021-08-03 15:02:00,108,1.4444444,78.74,5.47,GS+GR+y/bV,phone
205,0,15,2021-08-03 15:03:00,15,1.3055556,11.34,0.61,GS+GR+y/bV,phone
206,0,14,2021-08-04 01:09:00,14,1.1871946,10.17,0.58000004,GS+GR+y/bV,phone
207,0,7,2021-08-04 04:24:00,7,1.3611112,5.29,0.31,GS+GR+y/bV,phone
208,0,14,2021-08-04 04:25:00,14,1.288774,10.629999,0.61,GS+GR+y/bV,phone
209,0,6,2021-08-04 04:28:00,6,1.2222222,4.58,0.27,GS+GR+y/bV,phone
210,0,13,2021-08-04 04:32:00,13,1.2948685,9.75,0.58000004,GS+GR+y/bV,phone
211,2,13,2021-08-04 04:58:00,15,1.7931134,13.23,0.99000007,GS+GR+y/bV,phone
212,0,15,2021-08-04 11:59:00,15,1.359079,11.33,0.64000005,GS+GR+y/bV,phone
213,0,9,2021-08-04 12:19:00,9,1.5277778,7.06,0.39,GS+GR+y/bV,phone
214,0,6,2021-08-04 12:23:00,6,1.4444444,4.57,0.27,GS+GR+y/bV,phone
215,0,25,2021-08-04 19:36:00,25,1.3638933,19.050005,1.0200002,GS+GR+y/bV,phone
216,0,38,2021-08-04 19:37:00,38,1.2777778,28.28,1.69,GS+GR+y/bV,phone
217,0,56,2021-08-04 19:38:00,57,1.3888888,43.06,2.42,GS+GR+y/bV,phone
218,0,47,2021-08-04 19:39:00,46,1.5555556,35.62,1.91,GS+GR+y/bV,phone
219,0,35,2021-08-04 19:40:00,35,1.2777778,26.35,1.46,GS+GR+y/bV,phone
220,0,81,2021-08-04 19:42:00,96,1.3888888,69.44,4.9,GS+GR+y/bV,phone
221,0,21,2021-08-04 19:43:00,21,1.3467214,15.990002,0.84000015,GS+GR+y/bV,phone
222,0,52,2021-08-04 19:59:00,52,1.7222222,42.0,2.15,GS+GR+y/bV,phone
223,0,81,2021-08-04 20:00:00,99,1.5,72.11,5.3,GS+GR+y/bV,phone
224,0,11,2021-08-04 20:01:00,11,1.5833334,8.67,0.44,GS+GR+y/bV,phone
225,0,15,2021-08-05 01:05:00,15,1.4817339,11.639999,0.62000006,GS+GR+y/bV,phone
226,0,24,2021-08-05 02:04:00,24,0.94629556,17.23,1.1000001,GS+GR+y/bV,phone
227,0,17,2021-08-05 17:30:00,17,1.4722222,12.98,0.75,GS+GR+y/bV,phone
228,0,39,2021-08-05 17:31:00,39,1.4278703,30.16,1.6,GS+GR+y/bV,phone
229,0,53,2021-08-06 02:44:00,53,1.1666666,39.03,2.46,GS+GR+y/bV,phone
230,0,12,2021-08-06 02:45:00,12,1.3055556,9.12,0.51,GS+GR+y/bV,phone
231,0,6,2021-08-06 03:00:00,6,1.1944444,4.42,0.27,GS+GR+y/bV,phone
232,0,6,2021-08-06 03:27:00,6,0.9166667,4.23,0.28,GS+GR+y/bV,phone
233,0,8,2021-08-06 03:41:00,8,1.2799988,5.8900003,0.35999998,GS+GR+y/bV,phone
234,0,6,2021-08-06 03:54:00,6,1.25,4.62,0.27,GS+GR+y/bV,phone
235,0,7,2021-08-06 03:59:00,7,1.1186192,5.25,0.32000002,GS+GR+y/bV,phone
236,0,8,2021-08-06 04:16:00,8,1.5619326,6.22,0.35,GS+GR+y/bV,phone
237,0,7,2021-08-06 04:17:00,7,1.3888888,5.39,0.31,GS+GR+y/bV,phone
238,1,10,2021-08-06 12:33:00,11,1.8834323,10.030001,0.68000007,GS+GR+y/bV,phone
239,0,15,2021-08-06 23:38:00,15,0.9862322,10.75,0.65000004,GS+GR+y/bV,phone
240,0,13,2021-08-07 03:43:00,13,0.9166667,9.21,0.55,GS+GR+y/bV,phone
241,0,6,2021-08-07 03:44:00,6,0.9614343,4.2799997,0.3,GS+GR+y/bV,phone
242,0,6,2021-08-07 03:59:00,6,1.3333334,4.72,0.26,GS+GR+y/bV,phone
243,0,8,2021-08-07 04:02:00,8,0.9234448,5.69,0.38000003,GS+GR+y/bV,phone
244,0,6,2021-08-07 13:04:00,6,0.9166667,4.26,0.28,GS+GR+y/bV,phone
245,0,6,2021-08-07 13:16:00,6,1.1944444,4.35,0.28,GS+GR+y/bV,phone
246,0,9,2021-08-07 13:49:00,9,0.95621896,6.3900003,0.43000004,GS+GR+y/bV,phone
247,0,53,2021-08-07 15:10:00,53,1.1818581,38.65,2.48,GS+GR+y/bV,phone
248,0,68,2021-08-07 16:20:00,68,1.1247852,49.55999,3.0899994,GS+GR+y/bV,phone
249,0,40,2021-08-07 16:21:00,40,1.2222222,29.38,1.81,GS+GR+y/bV,phone
250,0,61,2021-08-07 16:22:00,77,1.3611112,54.95,4.09,GS+GR+y/bV,phone
251,0,57,2021-08-07 18:39:00,74,1.2729882,51.64,4.0299997,GS+GR+y/bV,phone
252,0,33,2021-08-07 18:40:00,53,1.3055556,34.73,2.23,GS+GR+y/bV,phone
253,0,7,2021-08-07 18:41:00,7,1.1944444,5.21,0.32,GS+GR+y/bV,phone
254,0,7,2021-08-07 18:49:00,7,1.0,5.1,0.32,GS+GR+y/bV,phone
255,0,55,2021-08-07 19:13:00,76,1.25,51.62,4.18,GS+GR+y/bV,phone
256,0,31,2021-08-07 19:14:00,31,1.1111112,23.12,1.44,GS+GR+y/bV,phone
257,0,38,2021-08-07 19:15:00,45,1.2323874,33.29,1.99,GS+GR+y/bV,phone
258,0,12,2021-08-07 19:28:00,12,1.3695581,8.99,0.55,GS+GR+y/bV,phone
259,0,13,2021-08-07 19:36:00,13,0.9782133,9.41,0.6,GS+GR+y/bV,phone
260,0,6,2021-08-07 20:12:00,6,1.4166666,4.67,0.27,GS+GR+y/bV,phone
261,0,6,2021-08-07 20:18:00,6,1.3888888,4.48,0.27,GS+GR+y/bV,phone
262,0,22,2021-08-08 15:51:00,22,1.6111113,16.81,0.95,GS+GR+y/bV,phone
263,10,93,2021-08-08 15:52:00,103,1.7222222,84.03,4.81,GS+GR+y/bV,phone
264,0,43,2021-08-08 15:53:00,60,1.454813,42.129997,3.51,GS+GR+y/bV,phone
265,0,51,2021-08-08 20:36:00,51,1.3394009,38.139996,2.1499994,GS+GR+y/bV,phone
266,0,42,2021-08-08 20:37:00,61,1.2804005,41.090004,2.3999991,GS+GR+y/bV,phone
267,0,64,2021-08-08 20:38:00,80,1.3863745,57.54,4.2599998,GS+GR+y/bV,phone
268,0,6,2021-08-08 21:19:00,6,1.5,4.73,0.26,GS+GR+y/bV,phone
269,0,71,2021-08-09 23:45:00,71,1.5643184,55.570023,2.8699992,GS+GR+y/bV,phone
270,0,53,2021-08-09 23:46:00,67,1.4166666,48.51,3.71,GS+GR+y/bV,phone
271,0,51,2021-08-09 23:47:00,51,1.4444444,39.07,2.11,GS+GR+y/bV,phone
272,0,29,2021-08-10 02:41:00,29,1.2340143,21.73,1.29,GS+GR+y/bV,phone
273,0,6,2021-08-10 09:52:00,6,1.4444444,4.71,0.26,GS+GR+y/bV,phone
274,0,83,2021-08-10 18:07:00,102,1.3619117,72.68,4.1099997,GS+GR+y/bV,phone
275,0,63,2021-08-10 18:08:00,79,1.3055556,56.15,4.24,GS+GR+y/bV,phone
276,0,4,2021-08-10 18:09:00,4,1.3333333,3.04,0.16,GS+GR+y/bV,phone
277,0,8,2021-08-10 18:37:00,8,1.5689143,6.25,0.35,GS+GR+y/bV,phone
278,0,7,2021-08-10 18:55:00,7,1.2653581,5.26,0.32000002,GS+GR+y/bV,phone
279,0,13,2021-08-11 16:00:00,13,1.25,9.67,0.5,GS+GR+y/bV,phone
280,0,26,2021-08-12 00:02:00,26,1.0014409,18.810001,1.1600001,GS+GR+y/bV,phone
281,0,12,2021-08-12 00:03:00,12,1.0555556,8.65,0.58,GS+GR+y/bV,phone
282,0,20,2021-08-12 00:04:00,20,1.0,14.31,0.97,GS+GR+y/bV,phone
283,0,16,2021-08-12 00:11:00,16,1.0833334,11.62,0.74,GS+GR+y/bV,phone
284,0,15,2021-08-12 00:12:00,37,1.2795962,21.39,1.48,GS+GR+y/bV,phone
285,0,33,2021-08-12 05:14:00,33,1.0833334,24.62,1.57,GS+GR+y/bV,phone
286,0,2,2021-08-12 05:15:00,2,1.0277777,1.44,0.09,GS+GR+y/bV,phone
287,0,12,2021-08-12 14:36:00,12,1.2777778,8.98,0.5,GS+GR+y/bV,phone
288,0,56,2021-08-12 14:58:00,76,1.2254292,51.54,3.2299986,GS+GR+y/bV,phone
289,0,51,2021-08-12 14:59:00,65,1.2713267,45.839996,3.6100001,GS+GR+y/bV,phone
290,0,63,2021-08-12 15:01:00,76,1.4544247,56.03,3.069999,GS+GR+y/bV,phone
291,0,97,2021-08-12 15:02:00,97,1.4475709,74.99001,3.9099996,GS+GR+y/bV,phone
292,0,118,2021-08-12 15:03:00,118,1.5353334,92.12,4.72,GS+GR+y/bV,phone
293,0,107,2021-08-12 15:04:00,119,1.5277778,90.73,4.76,GS+GR+y/bV,phone
294,0,110,2021-08-12 15:05:00,110,1.4722222,85.42,4.43,GS+GR+y/bV,phone
295,0,50,2021-08-12 15:06:00,50,1.4166666,38.42,2.08,GS+GR+y/bV,phone
296,0,34,2021-08-12 15:07:00,34,1.4722222,26.27,1.43,GS+GR+y/bV,phone
297,0,21,2021-08-12 15:08:00,21,1.25,15.76,0.91,GS+GR+y/bV,phone
298,0,77,2021-08-12 15:11:00,77,1.4444444,59.15,3.15,GS+GR+y/bV,phone
299,0,108,2021-08-12 15:12:00,108,1.4942846,84.01,4.3399997,GS+GR+y/bV,phone
300,0,98,2021-08-12 15:13:00,110,1.4444444,82.54,4.83,GS+GR+y/bV,phone
301,0,116,2021-08-12 15:14:00,116,1.504,90.24,4.64,GS+GR+y/bV,phone
302,0,117,2021-08-12 15:15:00,118,1.5375,92.25,4.72,GS+GR+y/bV,phone
303,0,102,2021-08-12 15:16:00,109,1.3888888,82.84,4.62,GS+GR+y/bV,phone
304,0,18,2021-08-12 15:17:00,24,1.3611112,16.05,1.73,GS+GR+y/bV,phone
305,0,21,2021-08-12 15:19:00,21,1.3556939,15.85,0.95,GS+GR+y/bV,phone
306,0,20,2021-08-12 17:13:00,20,1.1273577,14.57,0.8500001,GS+GR+y/bV,phone
307,0,6,2021-08-12 17:38:00,6,1.1666666,4.32,0.28,GS+GR+y/bV,phone
308,0,7,2021-08-12 20:26:00,7,1.1626921,5.2799997,0.32000002,GS+GR+y/bV,phone
309,0,6,2021-08-12 20:27:00,6,0.91666675,4.27,0.28,GS+GR+y/bV,phone
310,0,7,2021-08-12 20:28:00,7,1.0555556,5.17,0.32000002,GS+GR+y/bV,phone
311,0,25,2021-08-13 00:31:00,25,1.0734597,18.14,1.09,GS+GR+y/bV,phone
312,0,7,2021-08-13 02:35:00,7,1.1944444,5.21,0.32,GS+GR+y/bV,phone
313,0,6,2021-08-13 02:36:00,6,1.6111112,4.78,0.26,GS+GR+y/bV,phone
314,0,7,2021-08-13 03:04:00,7,1.822244,6.26,0.32,GS+GR+y/bV,phone
315,0,87,2021-08-13 11:54:00,87,1.3988312,66.64001,3.5899997,GS+GR+y/bV,phone
316,0,101,2021-08-13 11:55:00,101,1.4166666,77.48,4.09,GS+GR+y/bV,phone
317,0,63,2021-08-13 11:56:00,63,1.5555556,49.55,2.52,GS+GR+y/bV,phone
318,0,51,2021-08-13 11:57:00,51,1.394271,38.760002,2.1499999,GS+GR+y/bV,phone
319,0,15,2021-08-13 11:58:00,15,1.3199304,11.38,0.60999995,GS+GR+y/bV,phone
320,0,22,2021-08-13 17:59:00,22,1.4722222,16.79,0.96,GS+GR+y/bV,phone
321,0,6,2021-08-13 20:02:00,6,1.5277778,5.13,0.27,GS+GR+y/bV,phone
322,0,12,2021-08-14 00:46:00,12,1.2777778,8.89,0.5,GS+GR+y/bV,phone
323,0,2,2021-08-14 00:47:00,2,1.2777778,1.5,0.08,GS+GR+y/bV,phone
324,0,8,2021-08-14 01:00:00,8,1.6384953,6.2000003,0.35,GS+GR+y/bV,phone
325,0,8,2021-08-14 01:26:00,8,1.3355175,6.1499996,0.36,GS+GR+y/bV,phone
326,0,16,2021-08-14 13:01:00,16,1.1944444,11.66,0.74,GS+GR+y/bV,phone
327,0,20,2021-08-14 16:43:00,20,1.3136822,15.33,0.8600001,GS+GR+y/bV,phone
328,0,8,2021-08-14 17:39:00,8,1.5811934,6.2300005,0.35,GS+GR+y/bV,phone
329,0,12,2021-08-14 21:14:00,12,1.5277778,9.16,0.5,GS+GR+y/bV,phone
330,0,7,2021-08-14 22:05:00,7,1.6308165,5.6,0.29999998,GS+GR+y/bV,phone
331,0,13,2021-08-15 02:47:00,13,1.4122682,9.96,0.54,GS+GR+y/bV,phone
332,0,14,2021-08-15 02:54:00,14,1.2932968,10.55,0.6,GS+GR+y/bV,phone
333,0,9,2021-08-15 03:07:00,9,1.3547462,6.7400007,0.39,GS+GR+y/bV,phone
334,0,13,2021-08-15 03:30:00,13,1.2677495,9.719999,0.59000003,GS+GR+y/bV,phone
335,13,55,2021-08-15 04:12:00,68,1.7441269,57.120003,3.5800002,GS+GR+y/bV,phone
336,0,76,2021-08-15 04:13:00,91,1.3055556,65.31,4.64,GS+GR+y/bV,phone
337,0,20,2021-08-15 16:40:00,30,1.3110505,21.09,1.2700001,GS+GR+y/bV,phone
338,0,45,2021-08-15 16:41:00,45,1.1694396,33.34,2.0199997,GS+GR+y/bV,phone
339,0,79,2021-08-15 16:43:00,92,1.3611112,67.76,4.36,GS+GR+y/bV,phone
340,0,38,2021-08-15 16:44:00,42,1.2777778,30.15,2.16,GS+GR+y/bV,phone
341,0,12,2021-08-15 19:47:00,12,0.94444436,8.65,0.5,GS+GR+y/bV,phone
342,0,15,2021-08-15 19:51:00,15,1.1293432,10.99,0.7200001,GS+GR+y/bV,phone
343,0,37,2021-08-15 19:52:00,37,1.5,28.92,1.58,GS+GR+y/bV,phone
344,0,1,2021-08-15 19:53:00,1,1.2222222,0.75,0.04,GS+GR+y/bV,phone
345,0,20,2021-08-15 19:55:00,20,1.2119391,14.96,0.87,GS+GR+y/bV,phone
346,0,65,2021-08-15 19:56:00,65,1.2222222,48.16,2.79,GS+GR+y/bV,phone
347,0,49,2021-08-15 20:01:00,59,1.2037553,42.05,2.5899997,GS+GR+y/bV,phone
348,0,25,2021-08-15 20:06:00,25,1.0799209,18.33,1.1,GS+GR+y/bV,phone
349,0,44,2021-08-15 20:07:00,53,1.2081287,38.78,2.6499999,GS+GR+y/bV,phone
350,0,13,2021-08-15 20:08:00,13,1.3888888,9.96,0.54,GS+GR+y/bV,phone
351,0,47,2021-08-15 22:29:00,47,1.2800248,35.09,2.02,GS+GR+y/bV,phone
352,0,12,2021-08-15 22:34:00,12,1.25,9.21,0.5,GS+GR+y/bV,phone
353,0,6,2021-08-15 22:35:00,6,1.2222222,4.48,0.27,GS+GR+y/bV,phone
354,0,9,2021-08-16 00:11:00,9,1.2402669,6.83,0.4,GS+GR+y/bV,phone
355,0,15,2021-08-16 00:52:00,15,1.2347416,11.31,0.67,GS+GR+y/bV,phone
356,0,56,2021-08-16 14:19:00,56,1.1299329,41.019997,2.5,GS+GR+y/bV,phone
357,0,23,2021-08-16 14:20:00,23,1.2777778,17.41,0.96000004,GS+GR+y/bV,phone
358,0,21,2021-08-16 14:22:00,21,1.5,16.24,0.88,GS+GR+y/bV,phone
359,0,13,2021-08-16 14:23:00,13,1.0277778,9.3,0.62,GS+GR+y/bV,phone
360,0,23,2021-08-16 14:24:00,23,0.91666675,16.29,1.11,GS+GR+y/bV,phone
361,0,19,2021-08-16 14:25:00,19,1.3330352,14.51,0.84000003,GS+GR+y/bV,phone
362,0,14,2021-08-16 14:26:00,14,1.0575212,10.07,0.6,GS+GR+y/bV,phone
363,0,80,2021-08-16 14:28:00,80,1.174504,58.390007,3.5299993,GS+GR+y/bV,phone
364,0,68,2021-08-16 14:29:00,83,1.4035618,60.08,3.4600003,GS+GR+y/bV,phone
365,0,18,2021-08-16 14:30:00,18,1.5833334,14.0,0.76,GS+GR+y/bV,phone
366,0,62,2021-08-16 14:31:00,62,1.3327328,47.30999,2.6299992,GS+GR+y/bV,phone
367,0,13,2021-08-16 14:32:00,13,1.3225838,9.64,0.59000003,GS+GR+y/bV,phone
368,0,63,2021-08-16 14:34:00,63,1.2777778,47.71,2.67,GS+GR+y/bV,phone
369,0,73,2021-08-16 14:35:00,93,1.2763883,64.74,4.82,GS+GR+y/bV,phone
370,0,4,2021-08-16 14:36:00,4,1.2219998,2.98,0.17999999,GS+GR+y/bV,phone
371,0,29,2021-08-16 14:38:00,31,1.3926902,23.320002,1.25,GS+GR+y/bV,phone
372,0,23,2021-08-16 14:39:00,21,1.4826268,16.24,0.91999996,GS+GR+y/bV,phone
373,0,8,2021-08-16 15:05:00,8,1.0833334,5.84,0.37000003,GS+GR+y/bV,phone
374,0,23,2021-08-16 15:06:00,23,1.5833334,18.0,0.96,GS+GR+y/bV,phone
375,0,20,2021-08-16 15:51:00,20,1.3319433,15.290001,0.87000006,GS+GR+y/bV,phone
376,0,3,2021-08-16 15:52:00,3,1.2406015,2.25,0.12,GS+GR+y/bV,phone
377,0,17,2021-08-17 00:44:00,17,1.1944444,12.59,0.77,GS+GR+y/bV,phone
378,0,5,2021-08-17 00:45:00,7,1.3333334,5.33,0.28,GS+GR+y/bV,phone
379,0,2,2021-08-17 00:49:00,0,0.0,0.0,0.0,GS+GR+y/bV,phone
380,0,12,2021-08-17 13:12:00,12,1.9166667,10.07,0.5,GS+GR+y/bV,phone
381,0,19,2021-08-17 13:20:00,19,1.2671083,14.41,0.84000003,GS+GR+y/bV,phone
382,0,29,2021-08-17 13:21:00,29,1.1568259,21.39,1.3400002,GS+GR+y/bV,phone
383,0,30,2021-08-17 13:29:00,30,1.0550718,21.749994,1.4399998,GS+GR+y/bV,phone
384,0,17,2021-08-17 15:24:00,17,1.1111112,12.32,0.83,GS+GR+y/bV,phone
385,0,31,2021-08-17 15:25:00,31,1.3055556,23.51,1.31,GS+GR+y/bV,phone
386,0,6,2021-08-17 16:28:00,6,1.5555556,4.65,0.27,GS+GR+y/bV,phone
387,0,7,2021-08-17 16:58:00,7,0.9166667,4.94,0.33,GS+GR+y/bV,phone
388,0,25,2021-08-17 22:04:00,25,1.1388888,18.23,1.18,GS+GR+y/bV,phone
389,0,8,2021-08-17 22:07:00,8,1.4722221,6.07,0.35,GS+GR+y/bV,phone
390,0,57,2021-08-17 22:08:00,57,1.25,42.67,2.56,GS+GR+y/bV,phone
391,0,37,2021-08-17 22:09:00,37,1.25,27.22,1.66,GS+GR+y/bV,phone
392,0,1,2021-08-17 22:10:00,1,1.2777778,0.75,0.04,GS+GR+y/bV,phone
393,0,15,2021-08-17 22:16:00,15,1.25,11.36,0.67,GS+GR+y/bV,phone
394,0,13,2021-08-17 22:18:00,13,1.1770874,9.52,0.59000003,GS+GR+y/bV,phone
395,0,13,2021-08-17 22:19:00,13,1.5760895,10.26,0.55,GS+GR+y/bV,phone
396,0,42,2021-08-17 22:20:00,42,1.3483026,32.02,1.7099998,GS+GR+y/bV,phone
397,0,32,2021-08-17 22:21:00,32,0.9537103,22.83999,1.5399996,GS+GR+y/bV,phone
398,0,17,2021-08-17 22:22:00,17,1.198255,12.700001,0.7700001,GS+GR+y/bV,phone
399,0,65,2021-08-17 23:07:00,72,1.6388888,56.38,3.0,GS+GR+y/bV,phone
400,0,106,2021-08-17 23:08:00,106,1.4722222,82.04,4.28,GS+GR+y/bV,phone
401,0,116,2021-08-17 23:09:00,116,1.5055001,90.33,4.64,GS+GR+y/bV,phone
402,0,121,2021-08-17 23:10:00,121,1.58,94.8,4.84,GS+GR+y/bV,phone
403,0,120,2021-08-17 23:11:00,120,1.571,94.26,4.8,GS+GR+y/bV,phone
404,0,113,2021-08-17 23:12:00,118,1.536,92.16,4.72,GS+GR+y/bV,phone
405,0,28,2021-08-17 23:13:00,42,1.2222222,26.71,3.33,GS+GR+y/bV,phone
406,0,32,2021-08-17 23:14:00,63,1.3611112,40.6,2.72,GS+GR+y/bV,phone
407,0,67,2021-08-17 23:15:00,67,1.4722222,51.89,2.75,GS+GR+y/bV,phone
408,0,113,2021-08-17 23:16:00,113,1.4543333,87.26,4.52,GS+GR+y/bV,phone
409,0,112,2021-08-17 23:17:00,118,1.5336666,92.02,4.72,GS+GR+y/bV,phone
410,0,121,2021-08-17 23:18:00,115,1.4886668,89.32,4.6,GS+GR+y/bV,phone
411,0,115,2021-08-17 23:19:00,115,1.4823333,88.94,4.6,GS+GR+y/bV,phone
412,0,63,2021-08-17 23:20:00,80,1.3611112,56.86,4.2,GS+GR+y/bV,phone
413,0,9,2021-08-17 23:21:00,9,1.3918172,6.9799995,0.39000002,GS+GR+y/bV,phone
414,0,13,2021-08-18 01:32:00,13,1.2006197,9.51,0.54,GS+GR+y/bV,phone
415,0,21,2021-08-18 08:58:00,21,1.3333334,16.07,0.91,GS+GR+y/bV,phone
416,0,18,2021-08-18 08:59:00,18,1.3611112,13.76,0.79,GS+GR+y/bV,phone
417,0,83,2021-08-18 09:00:00,101,1.4722222,73.28,4.26,GS+GR+y/bV,phone
418,0,102,2021-08-18 09:01:00,102,1.5,79.25,4.11,GS+GR+y/bV,phone
419,0,42,2021-08-18 09:01:00,42,1.5555556,33.0,1.77,+ay7UCdop4,watch
420,0,119,2021-08-18 09:02:00,119,1.5493333,92.96,4.76,GS+GR+y/bV,phone
421,11,84,2021-08-18 09:02:00,95,1.6944444,77.62,4.72,+ay7UCdop4,watch
422,0,92,2021-08-18 09:03:00,92,1.5277778,72.06,3.69,GS+GR+y/bV,phone
423,0,87,2021-08-18 09:03:00,87,1.5,68.19,3.53,+ay7UCdop4,watch
424,0,88,2021-08-18 09:04:00,88,1.5277778,68.84,3.58,+ay7UCdop4,watch
425,0,9,2021-08-18 09:05:00,9,1.4722222,6.94,0.4,+ay7UCdop4,watch
426,0,10,2021-08-18 09:06:00,11,1.4722222,8.5,0.51,+ay7UCdop4,watch
427,0,12,2021-08-18 09:10:00,12,0.9166667,8.49,0.58,GS+GR+y/bV,phone
428,3,10,2021-08-18 09:12:00,13,2.2103949,12.17,0.71,+ay7UCdop4,watch
429,0,7,2021-08-18 09:15:00,7,1.5431689,5.43,0.31,GS+GR+y/bV,phone
430,0,8,2021-08-18 09:17:00,8,1.25,6.12,0.35,GS+GR+y/bV,phone
431,0,39,2021-08-18 09:18:00,39,1.0985911,28.55,1.81,GS+GR+y/bV,phone
432,0,24,2021-08-18 09:18:00,24,1.4111537,18.73,1.21,+ay7UCdop4,watch
433,0,31,2021-08-18 09:19:00,31,1.4294357,23.31,1.43,+ay7UCdop4,watch
434,0,35,2021-08-18 09:20:00,45,1.3055556,33.35,1.96,GS+GR+y/bV,phone
435,0,2,2021-08-18 09:20:00,2,1.3333334,1.54,0.08,+ay7UCdop4,watch
436,0,56,2021-08-18 09:21:00,65,1.4444444,48.64,2.73,GS+GR+y/bV,phone
437,0,10,2021-08-18 09:21:00,10,1.4444444,7.63,0.44,+ay7UCdop4,watch
438,0,27,2021-08-18 09:22:00,27,1.3611112,20.6,1.18,GS+GR+y/bV,phone
439,0,11,2021-08-18 09:22:00,11,1.75,8.84,0.45,+ay7UCdop4,watch
440,0,44,2021-08-18 09:23:00,44,1.3888888,33.75,1.88,GS+GR+y/bV,phone
441,0,44,2021-08-18 09:24:00,108,1.6111109,64.96,10.44,GS+GR+y/bV,phone
442,0,72,2021-08-18 09:27:00,86,1.5833334,63.98,3.55,GS+GR+y/bV,phone
443,0,12,2021-08-18 09:28:00,12,1.1944444,8.94,0.55,GS+GR+y/bV,phone
444,0,80,2021-08-18 09:28:00,80,1.576514,60.19,3.45,+ay7UCdop4,watch
445,0,4,2021-08-18 09:29:00,4,1.3888888,3.09,0.17,+ay7UCdop4,watch
446,0,13,2021-08-18 09:30:00,13,1.5,9.96,0.56,+ay7UCdop4,watch
447,0,20,2021-08-18 09:32:00,20,1.0383332,14.529999,0.95,GS+GR+y/bV,phone
448,0,18,2021-08-18 09:34:00,18,1.1944444,13.36,0.82,GS+GR+y/bV,phone
449,0,15,2021-08-18 09:34:00,15,1.7222222,12.02,0.6,+ay7UCdop4,watch
450,0,7,2021-08-18 09:35:00,7,0.92055005,4.95,0.33,GS+GR+y/bV,phone
451,0,11,2021-08-18 09:35:00,11,1.3611112,8.14,0.48,+ay7UCdop4,watch
452,0,31,2021-08-18 09:36:00,31,1.5,24.06,1.38,+ay7UCdop4,watch
453,0,27,2021-08-18 09:59:00,27,1.0833334,19.94,1.25,GS+GR+y/bV,phone
454,0,14,2021-08-18 10:01:00,14,1.1666666,10.33,0.64,+ay7UCdop4,watch
455,0,15,2021-08-18 10:02:00,15,1.3055556,12.68,0.89,GS+GR+y/bV,phone
456,0,11,2021-08-18 10:03:00,11,1.3888888,8.57,0.48,GS+GR+y/bV,phone
457,0,11,2021-08-18 10:03:00,11,1.5833334,8.73,0.44,+ay7UCdop4,watch
458,0,8,2021-08-18 10:04:00,8,0.9166667,5.65,0.38,GS+GR+y/bV,phone
459,0,37,2021-08-18 10:05:00,37,1.7777778,28.61,1.78,+ay7UCdop4,watch
460,0,12,2021-08-18 10:09:00,12,0.8888889,8.2,0.65,+ay7UCdop4,watch
461,0,15,2021-08-18 10:10:00,15,1.1944444,11.14,0.68,GS+GR+y/bV,phone
462,0,6,2021-08-18 10:11:00,6,1.2222222,4.49,0.26,GS+GR+y/bV,phone
463,0,11,2021-08-18 10:11:00,11,1.2222222,8.01,0.46,+ay7UCdop4,watch
464,0,16,2021-08-18 10:12:00,16,1.6388888,12.7,0.65,+ay7UCdop4,watch
465,0,21,2021-08-18 10:18:00,21,1.3487831,15.82,0.91,+ay7UCdop4,watch
466,0,44,2021-08-18 10:19:00,60,1.5289418,42.629986,3.2299988,GS+GR+y/bV,phone
467,0,45,2021-08-18 10:20:00,45,1.3888888,34.5,1.8,GS+GR+y/bV,phone
468,0,25,2021-08-18 10:20:00,25,1.5277778,19.47,1.03,+ay7UCdop4,watch
469,0,57,2021-08-18 10:21:00,57,1.4109267,43.64,2.48,+ay7UCdop4,watch
470,4,21,2021-08-18 10:22:00,25,1.7832088,22.27,1.55,+ay7UCdop4,watch
471,0,32,2021-08-18 10:24:00,32,1.4999999,25.01,1.34,GS+GR+y/bV,phone
472,0,59,2021-08-18 10:25:00,73,1.5833334,54.46,2.94,GS+GR+y/bV,phone
473,0,22,2021-08-18 10:26:00,22,1.1666666,16.32,1.03,GS+GR+y/bV,phone
474,0,86,2021-08-18 10:26:00,86,1.4657499,63.34,3.78,+ay7UCdop4,watch
475,0,15,2021-08-18 10:27:00,15,1.2240652,11.07,0.68,GS+GR+y/bV,phone
476,0,43,2021-08-18 10:27:00,43,1.60317,34.11,1.85,+ay7UCdop4,watch
477,0,13,2021-08-18 10:28:00,13,1.5277778,10.06,0.61,+ay7UCdop4,watch
478,0,7,2021-08-18 10:29:00,7,0.9166667,4.94,0.33,GS+GR+y/bV,phone
479,0,7,2021-08-18 10:34:00,7,1.2222222,5.02,0.33,GS+GR+y/bV,phone
480,0,6,2021-08-18 10:57:00,6,0.99999994,4.26,0.28,GS+GR+y/bV,phone
481,0,8,2021-08-18 11:01:00,8,1.6319425,6.4,0.33999997,GS+GR+y/bV,phone
482,0,30,2021-08-18 11:02:00,30,1.3611112,22.72,1.24,GS+GR+y/bV,phone
483,0,27,2021-08-18 11:04:00,27,1.5833334,21.32,1.08,+ay7UCdop4,watch
484,0,30,2021-08-18 11:25:00,30,1.3971133,23.140005,1.23,GS+GR+y/bV,phone
485,0,22,2021-08-18 11:26:00,22,1.1323003,16.310001,1.03,GS+GR+y/bV,phone
486,0,20,2021-08-18 11:26:00,20,1.3416641,15.38,0.93,+ay7UCdop4,watch
487,0,14,2021-08-18 11:27:00,14,1.0833334,10.04,0.59,+ay7UCdop4,watch
488,0,11,2021-08-18 11:38:00,11,1.3611112,8.44,0.47,GS+GR+y/bV,phone
489,0,11,2021-08-18 11:38:00,11,1.6388888,8.5,0.47,+ay7UCdop4,watch
490,0,13,2021-08-18 11:39:00,13,1.1804043,9.49,0.59000003,GS+GR+y/bV,phone
491,0,22,2021-08-18 11:41:00,22,1.3055556,16.42,0.96,GS+GR+y/bV,phone
492,0,2,2021-08-18 11:42:00,2,1.3333333,1.52,0.09,GS+GR+y/bV,phone
493,0,7,2021-08-18 11:43:00,7,1.2777778,5.22,0.31,GS+GR+y/bV,phone
494,0,20,2021-08-18 11:43:00,20,1.1944444,14.6,0.84,+ay7UCdop4,watch
495,0,9,2021-08-18 11:44:00,9,1.4166666,7.04,0.39,GS+GR+y/bV,phone
496,0,14,2021-08-18 11:44:00,14,1.1388888,10.1,0.64,+ay7UCdop4,watch
497,0,9,2021-08-18 11:46:00,9,1.2404754,6.66,0.39,GS+GR+y/bV,phone
498,0,6,2021-08-18 11:50:00,6,1.1944444,4.53,0.27,GS+GR+y/bV,phone
499,0,18,2021-08-18 11:51:00,18,1.2950623,13.849999,0.79,GS+GR+y/bV,phone
500,0,50,2021-08-18 11:52:00,61,1.3172779,44.65,2.8799992,GS+GR+y/bV,phone
501,0,56,2021-08-18 11:53:00,56,1.253802,42.16,2.45,GS+GR+y/bV,phone
502,0,50,2021-08-18 11:53:00,50,1.5,33.47,2.6,+ay7UCdop4,watch
503,0,6,2021-08-18 11:54:00,6,1.25,4.7,0.27,GS+GR+y/bV,phone
504,0,55,2021-08-18 11:54:00,55,1.2824954,41.85,2.56,+ay7UCdop4,watch
505,0,7,2021-08-18 11:55:00,7,1.2777778,5.24,0.28,+ay7UCdop4,watch
506,0,25,2021-08-18 11:56:00,25,1.3611112,18.79,1.16,+ay7UCdop4,watch
507,0,21,2021-08-18 11:57:00,53,1.6388888,31.42,2.19,GS+GR+y/bV,phone
508,5,18,2021-08-18 11:57:00,23,2.4166667,20.92,1.65,+ay7UCdop4,watch
509,0,68,2021-08-18 11:58:00,97,1.7222223,66.09,3.94,GS+GR+y/bV,phone
510,0,10,2021-08-18 11:58:00,10,1.4722222,7.55,0.5,+ay7UCdop4,watch
511,0,59,2021-08-18 11:59:00,70,1.5555556,53.26,2.98,GS+GR+y/bV,phone
512,0,39,2021-08-18 12:00:00,49,1.5277778,37.26,2.65,GS+GR+y/bV,phone
513,0,34,2021-08-18 12:01:00,55,1.5,38.82,3.42,GS+GR+y/bV,phone
514,0,67,2021-08-18 12:03:00,87,1.4722222,61.23,5.12,GS+GR+y/bV,phone
515,0,76,2021-08-18 12:04:00,95,1.3333334,67.14,5.08,GS+GR+y/bV,phone
516,0,23,2021-08-18 12:05:00,23,1.1146027,17.01,1.0999999,GS+GR+y/bV,phone
517,0,49,2021-08-18 12:05:00,49,1.4233534,36.35,2.42,+ay7UCdop4,watch
518,0,51,2021-08-18 12:06:00,51,1.3611112,36.42,2.59,+ay7UCdop4,watch
519,0,70,2021-08-18 12:10:00,91,1.2703838,62.68,3.73,GS+GR+y/bV,phone
520,0,18,2021-08-18 12:10:00,18,1.0833334,13.0,0.81,+ay7UCdop4,watch
521,0,40,2021-08-18 12:11:00,40,1.25,29.89,1.8,GS+GR+y/bV,phone
522,0,73,2021-08-18 12:11:00,73,1.4166666,54.11,3.09,+ay7UCdop4,watch
523,0,26,2021-08-18 12:12:00,26,1.2891119,19.609999,1.1300001,GS+GR+y/bV,phone
524,0,73,2021-08-18 12:12:00,73,1.4887156,56.62,3.15,+ay7UCdop4,watch
525,0,84,2021-08-18 12:13:00,87,1.2777778,64.74,3.76,GS+GR+y/bV,phone
526,0,27,2021-08-18 12:13:00,27,1.5833334,21.18,1.12,+ay7UCdop4,watch
527,0,34,2021-08-18 12:14:00,48,1.3007782,32.09,3.0399997,GS+GR+y/bV,phone
528,0,67,2021-08-18 12:14:00,67,1.4457368,51.45,3.01,+ay7UCdop4,watch
529,0,81,2021-08-18 12:15:00,81,1.2492325,54.75,3.85,+ay7UCdop4,watch
530,0,10,2021-08-18 12:16:00,10,1.6388888,8.24,0.44,+ay7UCdop4,watch
531,0,37,2021-08-18 12:23:00,37,1.175931,27.270002,1.6299999,GS+GR+y/bV,phone
532,0,15,2021-08-18 12:29:00,15,1.229448,11.22,0.62000006,GS+GR+y/bV,phone
533,0,11,2021-08-18 12:30:00,11,1.0244764,7.910001,0.53000003,GS+GR+y/bV,phone
534,0,18,2021-08-18 13:57:00,18,1.2777778,13.39,0.81,GS+GR+y/bV,phone
535,0,15,2021-08-18 13:59:00,15,1.3289164,11.190001,0.67,GS+GR+y/bV,phone
536,0,81,2021-08-18 14:00:00,81,1.3600643,61.719994,3.35,GS+GR+y/bV,phone
537,0,15,2021-08-18 14:01:00,15,1.3055557,11.41,0.66,GS+GR+y/bV,phone
538,0,51,2021-08-18 14:01:00,51,1.2777778,37.82,2.22,+ay7UCdop4,watch
539,3,58,2021-08-18 14:02:00,69,1.8055556,55.62,3.17,GS+GR+y/bV,phone
540,0,65,2021-08-18 14:02:00,65,1.5733482,51.46,2.96,+ay7UCdop4,watch
541,0,100,2021-08-18 14:03:00,100,1.4444444,77.12,4.03,GS+GR+y/bV,phone
542,0,76,2021-08-18 14:03:00,76,1.4906415,58.94,3.31,+ay7UCdop4,watch
543,0,116,2021-08-18 14:04:00,116,1.5073334,90.44,4.64,GS+GR+y/bV,phone
544,0,100,2021-08-18 14:04:00,100,1.519324,77.96,4.33,+ay7UCdop4,watch
545,0,119,2021-08-18 14:05:00,119,1.5514998,93.09,4.76,GS+GR+y/bV,phone
546,0,122,2021-08-18 14:05:00,122,1.5896667,95.38,5.37,+ay7UCdop4,watch
547,0,115,2021-08-18 14:06:00,115,1.4895,89.37,4.6,GS+GR+y/bV,phone
548,0,116,2021-08-18 14:06:00,116,1.5277778,90.79,5.13,+ay7UCdop4,watch
549,0,28,2021-08-18 14:07:00,28,1.25,20.96,1.2,GS+GR+y/bV,phone
550,0,110,2021-08-18 14:07:00,110,1.5277778,86.0,4.89,+ay7UCdop4,watch
551,0,23,2021-08-18 14:08:00,23,1.3333334,17.55,0.96,GS+GR+y/bV,phone
552,0,63,2021-08-18 14:08:00,63,1.4722222,48.56,2.77,+ay7UCdop4,watch
553,0,48,2021-08-18 14:09:00,48,1.2777778,36.03,2.03,GS+GR+y/bV,phone
554,0,41,2021-08-18 14:09:00,41,1.3055556,30.71,1.81,+ay7UCdop4,watch
555,0,8,2021-08-18 14:10:00,8,1.2777778,6.24,0.35,GS+GR+y/bV,phone
556,0,69,2021-08-18 14:10:00,69,1.6388888,54.48,3.0,+ay7UCdop4,watch
557,0,69,2021-08-18 14:11:00,69,1.2777778,52.04,3.0,GS+GR+y/bV,phone
558,0,60,2021-08-18 14:12:00,60,1.5,46.49,2.49,GS+GR+y/bV,phone
559,0,91,2021-08-18 14:12:00,91,1.6388888,72.66,4.04,+ay7UCdop4,watch
560,0,49,2021-08-18 14:13:00,49,1.5,37.68,2.12,+ay7UCdop4,watch
561,0,26,2021-08-18 14:25:00,26,1.1111112,19.1,1.23,GS+GR+y/bV,phone
562,0,60,2021-08-18 14:26:00,60,1.3055556,45.37,2.56,GS+GR+y/bV,phone
563,0,24,2021-08-18 14:26:00,24,1.2222222,17.83,1.05,+ay7UCdop4,watch
564,0,38,2021-08-18 14:27:00,38,1.3888888,29.28,1.55,GS+GR+y/bV,phone
565,0,99,2021-08-18 14:27:00,99,1.4166666,75.67,4.34,+ay7UCdop4,watch
566,0,76,2021-08-18 14:28:00,76,1.4166666,58.78,3.07,GS+GR+y/bV,phone
567,0,41,2021-08-18 14:28:00,41,1.6666666,32.94,1.83,+ay7UCdop4,watch
568,0,109,2021-08-18 14:29:00,109,1.3901666,83.41,4.36,GS+GR+y/bV,phone
569,0,52,2021-08-18 14:29:00,52,1.4722222,40.27,2.17,+ay7UCdop4,watch
570,0,103,2021-08-18 14:30:00,103,1.2961665,77.77,4.14,GS+GR+y/bV,phone
571,0,93,2021-08-18 14:30:00,93,1.4363427,71.68,4.16,+ay7UCdop4,watch
572,0,11,2021-08-18 14:31:00,11,1.1944444,8.19,0.5,GS+GR+y/bV,phone
573,0,101,2021-08-18 14:31:00,101,1.3611112,76.46,4.48,+ay7UCdop4,watch
574,0,52,2021-08-18 14:32:00,52,1.3333334,39.65,2.21,+ay7UCdop4,watch
575,0,82,2021-08-18 14:33:00,82,1.4722222,63.41,3.32,GS+GR+y/bV,phone
576,0,2,2021-08-18 14:34:00,2,1.3888888,1.53,0.08,GS+GR+y/bV,phone
577,0,36,2021-08-18 14:34:00,36,1.4166666,27.75,1.48,+ay7UCdop4,watch
578,0,57,2021-08-18 14:35:00,57,1.6111112,45.04,2.31,GS+GR+y/bV,phone
579,0,35,2021-08-18 14:35:00,35,1.5609726,27.58,1.53,+ay7UCdop4,watch
580,0,92,2021-08-18 14:36:00,99,1.4444444,75.83,4.02,GS+GR+y/bV,phone
581,0,54,2021-08-18 14:36:00,54,1.6388888,42.95,2.18,+ay7UCdop4,watch
582,0,44,2021-08-18 14:37:00,63,1.4444444,43.3,3.67,GS+GR+y/bV,phone
583,0,70,2021-08-18 14:37:00,70,1.4368412,54.79,3.25,+ay7UCdop4,watch
584,0,82,2021-08-18 14:38:00,82,1.4166666,57.95,4.62,+ay7UCdop4,watch
585,0,12,2021-08-18 14:39:00,12,1.3055556,8.93,0.55,+ay7UCdop4,watch
586,0,22,2021-08-19 01:47:00,22,1.3333334,16.39,0.96,GS+GR+y/bV,phone
587,0,10,2021-08-19 01:50:00,10,1.4444444,7.75,0.43,GS+GR+y/bV,phone
588,0,6,2021-08-19 14:27:00,6,1.25,4.59,0.27,GS+GR+y/bV,phone
589,0,7,2021-08-19 15:02:00,7,1.0948384,5.0299997,0.33,GS+GR+y/bV,phone
590,0,47,2021-08-19 15:46:00,62,1.4625796,44.36,2.65,GS+GR+y/bV,phone
591,0,52,2021-08-19 15:47:00,53,1.3611112,40.02,2.25,GS+GR+y/bV,phone
592,0,66,2021-08-19 15:48:00,66,1.4166666,50.65,2.67,GS+GR+y/bV,phone
593,0,20,2021-08-19 19:50:00,20,1.4444444,16.25,1.02,GS+GR+y/bV,phone
594,0,31,2021-08-19 19:51:00,31,1.1743997,22.78,1.4099998,GS+GR+y/bV,phone
595,0,12,2021-08-19 19:57:00,12,1.5228767,9.42,0.52,GS+GR+y/bV,phone
596,0,6,2021-08-19 20:05:00,6,1.3333334,4.64,0.27,GS+GR+y/bV,phone
597,0,7,2021-08-19 20:39:00,7,1.3333334,5.42,0.31,GS+GR+y/bV,phone
598,0,7,2021-08-19 21:54:00,7,1.3992286,5.1899996,0.31,GS+GR+y/bV,phone
599,0,28,2021-08-19 22:46:00,28,1.2469975,21.279999,1.2199999,GS+GR+y/bV,phone
600,0,35,2021-08-19 23:28:00,35,0.8611111,23.8,1.85,+ay7UCdop4,watch
601,0,30,2021-08-19 23:31:00,30,0.8611111,20.4,1.38,+ay7UCdop4,watch
602,0,48,2021-08-19 23:32:00,48,0.8611111,32.64,2.4,+ay7UCdop4,watch
603,0,31,2021-08-19 23:33:00,31,0.8611111,21.08,1.51,+ay7UCdop4,watch
604,0,26,2021-08-19 23:35:00,26,0.8611111,17.68,1.23,+ay7UCdop4,watch
605,0,11,2021-08-19 23:36:00,11,0.8611111,7.48,0.55,+ay7UCdop4,watch
606,0,10,2021-08-19 23:41:00,10,0.8611111,6.8,0.46,+ay7UCdop4,watch
607,0,30,2021-08-19 23:42:00,30,0.8611111,20.4,1.4,+ay7UCdop4,watch
608,0,43,2021-08-19 23:43:00,43,0.8611111,29.24,2.06,+ay7UCdop4,watch
609,0,7,2021-08-19 23:44:00,7,0.8611111,4.76,0.32,+ay7UCdop4,watch
610,0,22,2021-08-19 23:49:00,22,0.8611111,14.96,1.03,+ay7UCdop4,watch
611,0,70,2021-08-19 23:50:00,84,1.3478281,60.819984,3.4899988,GS+GR+y/bV,phone
612,0,37,2021-08-19 23:50:00,37,0.8611111,25.16,1.73,+ay7UCdop4,watch
613,0,65,2021-08-19 23:51:00,83,1.3369888,58.400005,4.58,GS+GR+y/bV,phone
614,0,16,2021-08-19 23:51:00,16,0.8611111,10.88,0.77,+ay7UCdop4,watch
615,0,49,2021-08-19 23:52:00,49,1.5277778,38.52,2.14,GS+GR+y/bV,phone
616,0,27,2021-08-19 23:53:00,27,1.2777778,20.35,1.19,GS+GR+y/bV,phone
617,0,7,2021-08-19 23:54:00,7,0.9444444,5.01,0.33,GS+GR+y/bV,phone
618,0,46,2021-08-19 23:59:00,46,0.8611111,31.28,2.2,+ay7UCdop4,watch
619,0,9,2021-08-20 00:00:00,9,0.8611111,6.12,0.42,+ay7UCdop4,watch
620,0,10,2021-08-20 00:04:00,10,0.8611111,6.8,0.46,+ay7UCdop4,watch
621,0,27,2021-08-20 00:09:00,27,0.8611111,18.36,1.25,+ay7UCdop4,watch
622,0,28,2021-08-20 00:16:00,28,0.8611111,19.04,1.32,+ay7UCdop4,watch
623,0,22,2021-08-20 00:17:00,22,0.8611111,14.96,1.03,+ay7UCdop4,watch
624,0,37,2021-08-20 00:18:00,37,0.8611111,25.16,1.79,+ay7UCdop4,watch
625,0,10,2021-08-20 00:56:00,10,0.8611111,6.8,0.46,+ay7UCdop4,watch
626,0,20,2021-08-20 00:57:00,20,0.8611111,13.6,0.96,+ay7UCdop4,watch
627,0,7,2021-08-20 00:58:00,7,1.1111112,5.01,0.33,GS+GR+y/bV,phone
628,0,7,2021-08-20 01:00:00,7,0.9959904,5.1099997,0.32000002,GS+GR+y/bV,phone
629,0,10,2021-08-20 01:00:00,10,0.8611111,6.8,0.46,+ay7UCdop4,watch
630,0,10,2021-08-20 01:03:00,10,0.8611111,6.8,0.46,+ay7UCdop4,watch
631,0,10,2021-08-20 01:04:00,10,0.8611111,6.8,0.46,+ay7UCdop4,watch
632,0,29,2021-08-20 01:05:00,29,0.8611111,19.72,1.35,+ay7UCdop4,watch
633,0,45,2021-08-20 01:06:00,45,0.8611111,30.6,2.16,+ay7UCdop4,watch
634,0,47,2021-08-20 01:07:00,47,0.8611111,31.96,2.29,+ay7UCdop4,watch
635,0,17,2021-08-20 02:59:00,17,0.8611111,11.56,0.81,+ay7UCdop4,watch
636,0,23,2021-08-20 03:05:00,23,0.8611111,15.64,1.09,+ay7UCdop4,watch
637,0,7,2021-08-20 03:06:00,7,0.8611111,4.76,0.32,+ay7UCdop4,watch
638,0,19,2021-08-20 03:08:00,19,0.8611111,12.92,0.92,+ay7UCdop4,watch
639,0,26,2021-08-20 03:09:00,26,0.8611111,17.68,1.24,+ay7UCdop4,watch
640,0,20,2021-08-20 03:10:00,20,0.8611111,13.6,0.97,+ay7UCdop4,watch
641,0,14,2021-08-20 03:11:00,14,0.8611111,9.52,0.67,+ay7UCdop4,watch
642,0,7,2021-08-20 03:13:00,7,0.8611111,4.76,0.32,+ay7UCdop4,watch
643,0,35,2021-08-20 03:35:00,35,0.8611111,23.8,1.68,+ay7UCdop4,watch
644,0,21,2021-08-20 03:36:00,21,0.8611111,14.28,0.99,+ay7UCdop4,watch
645,0,16,2021-08-20 15:00:00,16,1.3339497,12.17,0.6600001,GS+GR+y/bV,phone
646,0,6,2021-08-20 15:19:00,6,1.2222222,4.53,0.27,GS+GR+y/bV,phone
647,0,7,2021-08-20 15:59:00,7,1.1111112,5.0,0.33,GS+GR+y/bV,phone
648,0,14,2021-08-20 16:00:00,14,1.2035099,10.419999,0.62,GS+GR+y/bV,phone
649,0,7,2021-08-20 16:22:00,7,1.1779497,5.22,0.31,GS+GR+y/bV,phone
650,0,15,2021-08-20 19:02:00,15,1.2115251,11.159998,0.69000006,GS+GR+y/bV,phone
651,0,12,2021-08-20 19:50:00,12,1.170026,8.85,0.54,GS+GR+y/bV,phone
652,0,82,2021-08-20 19:51:00,98,1.4086971,70.95,4.0599995,GS+GR+y/bV,phone
653,0,40,2021-08-20 19:52:00,56,1.3333334,38.82,3.41,GS+GR+y/bV,phone
654,0,15,2021-08-21 07:31:00,15,1.25,11.35,0.67,GS+GR+y/bV,phone
655,0,16,2021-08-21 07:53:00,16,1.1908362,11.629999,0.70000005,GS+GR+y/bV,phone
656,0,10,2021-08-21 07:54:00,10,1.5,7.87,0.43,GS+GR+y/bV,phone
657,0,8,2021-08-21 13:13:00,8,1.259455,5.99,0.36,GS+GR+y/bV,phone
658,0,12,2021-08-21 13:22:00,12,1.1427876,8.89,0.53000003,GS+GR+y/bV,phone
659,0,24,2021-08-21 21:13:00,24,1.1111112,17.4,1.14,GS+GR+y/bV,phone
660,0,14,2021-08-21 22:58:00,14,1.0555557,10.13,0.6,GS+GR+y/bV,phone
661,0,23,2021-08-21 23:03:00,23,1.4013374,17.37,0.9500002,GS+GR+y/bV,phone
662,0,25,2021-08-21 23:17:00,25,1.1428223,18.51,1.13,GS+GR+y/bV,phone
663,0,15,2021-08-22 00:08:00,15,1.4444444,11.6,0.66,GS+GR+y/bV,phone
664,0,60,2021-08-22 12:16:00,60,1.101387,43.87,2.63,GS+GR+y/bV,phone
665,0,27,2021-08-22 12:24:00,27,1.0555556,19.7,1.32,GS+GR+y/bV,phone
666,0,44,2021-08-22 12:25:00,44,1.2825471,33.210003,1.8499994,GS+GR+y/bV,phone
667,0,15,2021-08-22 13:23:00,15,1.2776973,11.27,0.62000006,GS+GR+y/bV,phone
668,0,6,2021-08-22 14:22:00,6,1.3888888,4.52,0.27,GS+GR+y/bV,phone
669,0,6,2021-08-22 14:51:00,6,1.1388888,4.41,0.27,GS+GR+y/bV,phone
670,0,64,2021-08-22 17:24:00,83,1.3182223,57.75,3.59,GS+GR+y/bV,phone
671,0,24,2021-08-22 17:25:00,24,1.2222222,17.82,1.05,GS+GR+y/bV,phone
672,0,35,2021-08-22 17:26:00,51,1.3053197,34.469997,3.1100006,GS+GR+y/bV,phone
673,0,6,2021-08-22 17:27:00,6,0.9444444,4.28,0.28,GS+GR+y/bV,phone
674,0,25,2021-08-22 18:18:00,26,1.2589623,19.49,1.08,GS+GR+y/bV,phone
675,0,24,2021-08-22 18:19:00,23,1.4395921,17.75,0.9300001,GS+GR+y/bV,phone
676,0,22,2021-08-22 18:24:00,22,1.0277778,15.65,1.06,GS+GR+y/bV,phone
677,0,18,2021-08-22 19:24:00,18,1.0712378,13.189999,0.8500001,GS+GR+y/bV,phone
678,0,6,2021-08-22 19:37:00,6,1.7222222,4.78,0.27,GS+GR+y/bV,phone
679,0,21,2021-08-22 20:13:00,21,1.444507,16.029999,0.93,GS+GR+y/bV,phone
680,0,42,2021-08-22 20:14:00,42,1.309333,31.859999,1.8399998,GS+GR+y/bV,phone
681,0,42,2021-08-22 20:20:00,42,1.2222222,31.3,1.82,GS+GR+y/bV,phone
682,0,17,2021-08-22 20:21:00,17,1.25,12.78,0.72,GS+GR+y/bV,phone
